,name,positions,player_url,number,height,weight,team,Year
0,De'Andre Hunter,SF,https://www.basketball-reference.com/players/h/huntede01.html,12,6-7,225,Atlanta Hawks,2020
1,Trae Young,PG,https://www.basketball-reference.com/players/y/youngtr01.html,11,6-1,180,Atlanta Hawks,2020
2,Vince Carter,SF,https://www.basketball-reference.com/players/c/cartevi01.html,15,6-6,220,Atlanta Hawks,2020
3,Cam Reddish,SF,https://www.basketball-reference.com/players/r/reddica01.html,22,6-8,218,Atlanta Hawks,2020
4,Kevin Huerter,SG,https://www.basketball-reference.com/players/h/huertke01.html,3,6-7,190,Atlanta Hawks,2020
5,Bruno Fernando,C,https://www.basketball-reference.com/players/f/fernabr01.html,24,6-9,240,Atlanta Hawks,2020
6,Damian Jones,C,https://www.basketball-reference.com/players/j/jonesda03.html,30,6-11,245,Atlanta Hawks,2020
7,DeAndre' Bembry,SG,https://www.basketball-reference.com/players/b/bembrde01.html,95,6-5,210,Atlanta Hawks,2020
8,John Collins,PF,https://www.basketball-reference.com/players/c/collijo01.html,20,6-9,235,Atlanta Hawks,2020
9,Brandon Goodwin,PG,https://www.basketball-reference.com/players/g/goodwbr01.html,0,6-0,180,Atlanta Hawks,2020
10,Jeff Teague,PG,https://www.basketball-reference.com/players/t/teaguje01.html,00,6-3,195,Atlanta Hawks,2020
11,Treveon Graham,SG,https://www.basketball-reference.com/players/g/grahatr01.html,2,6-5,219,Atlanta Hawks,2020
12,Dewayne Dedmon,C,https://www.basketball-reference.com/players/d/dedmode01.html,14,7-0,245,Atlanta Hawks,2020
13,Charlie Brown,SG,https://www.basketball-reference.com/players/b/brownch02.html,4,6-6,199,Atlanta Hawks,2020
14,Clint Capela,C,https://www.basketball-reference.com/players/c/capelca01.html,,6-10,240,Atlanta Hawks,2020
15,Skal Labissiere,F,https://www.basketball-reference.com/players/l/labissk01.html,,6-10,235,Atlanta Hawks,2020
16,Brad Wanamaker,PG,https://www.basketball-reference.com/players/w/wanambr01.html,9,6-3,210,Boston Celtics,2020
17,Grant Williams,PF,https://www.basketball-reference.com/players/w/willigr01.html,12,6-6,236,Boston Celtics,2020
18,Semi Ojeleye,PF,https://www.basketball-reference.com/players/o/ojelese01.html,37,6-6,240,Boston Celtics,2020
19,Jayson Tatum,PF,https://www.basketball-reference.com/players/t/tatumja01.html,0,6-8,210,Boston Celtics,2020
20,Daniel Theis,C,https://www.basketball-reference.com/players/t/theisda01.html,27,6-8,245,Boston Celtics,2020
21,Marcus Smart,SG,https://www.basketball-reference.com/players/s/smartma01.html,36,6-3,220,Boston Celtics,2020
22,Enes Kanter,C,https://www.basketball-reference.com/players/k/kanteen01.html,11,6-10,250,Boston Celtics,2020
23,Jaylen Brown,SF,https://www.basketball-reference.com/players/b/brownja02.html,7,6-6,223,Boston Celtics,2020
24,Kemba Walker,PG,https://www.basketball-reference.com/players/w/walkeke02.html,8,6-0,184,Boston Celtics,2020
25,Gordon Hayward,SF,https://www.basketball-reference.com/players/h/haywago01.html,20,6-7,225,Boston Celtics,2020
26,Javonte Green,SF,https://www.basketball-reference.com/players/g/greenja02.html,43,6-4,205,Boston Celtics,2020
27,Carsen Edwards,SG,https://www.basketball-reference.com/players/e/edwarca01.html,4,5-11,200,Boston Celtics,2020
28,Romeo Langford,SG,https://www.basketball-reference.com/players/l/langfro01.html,45,6-4,216,Boston Celtics,2020
29,Robert Williams,C,https://www.basketball-reference.com/players/w/williro04.html,44,6-8,237,Boston Celtics,2020
30,Vincent Poirier,C,https://www.basketball-reference.com/players/p/poirivi01.html,77,7-0,235,Boston Celtics,2020
31,Tremont Waters,PG,https://www.basketball-reference.com/players/w/watertr01.html,51,5-10,175,Boston Celtics,2020
32,Tacko Fall,C,https://www.basketball-reference.com/players/f/fallta01.html,99,7-5,311,Boston Celtics,2020
33,Jarrett Allen,C,https://www.basketball-reference.com/players/a/allenja01.html,31,6-11,243,Brooklyn Nets,2020
34,Joe Harris,SF,https://www.basketball-reference.com/players/h/harrijo01.html,12,6-6,220,Brooklyn Nets,2020
35,Spencer Dinwiddie,SG,https://www.basketball-reference.com/players/d/dinwisp01.html,8-26,6-5,215,Brooklyn Nets,2020
36,Taurean Prince,SF,https://www.basketball-reference.com/players/p/princta02.html,2,6-7,218,Brooklyn Nets,2020
37,Garrett Temple,SG,https://www.basketball-reference.com/players/t/templga01.html,17,6-5,195,Brooklyn Nets,2020
38,DeAndre Jordan,C,https://www.basketball-reference.com/players/j/jordade01.html,6,6-11,265,Brooklyn Nets,2020
39,Timothe Luwawu-Cabarrot,SG,https://www.basketball-reference.com/players/l/luwawti01.html,9,6-7,220,Brooklyn Nets,2020
40,Rodions Kurucs,PF,https://www.basketball-reference.com/players/k/kurucro01.html,00,6-9,228,Brooklyn Nets,2020
41,Caris LeVert,SG,https://www.basketball-reference.com/players/l/leverca01.html,22,6-6,205,Brooklyn Nets,2020
42,Dzanan Musa,SF,https://www.basketball-reference.com/players/m/musadz01.html,13,6-9,217,Brooklyn Nets,2020
43,Wilson Chandler,SF,https://www.basketball-reference.com/players/c/chandwi01.html,21,6-8,235,Brooklyn Nets,2020
44,Kyrie Irving,PG,https://www.basketball-reference.com/players/i/irvinky01.html,11,6-2,195,Brooklyn Nets,2020
45,Chris Chiozza,PG,https://www.basketball-reference.com/players/c/chiozch01.html,4,5-11,175,Brooklyn Nets,2020
46,Nicolas Claxton,PF,https://www.basketball-reference.com/players/c/claxtni01.html,33,6-11,215,Brooklyn Nets,2020
47,Justin Anderson,SF,https://www.basketball-reference.com/players/a/anderju01.html,10,6-6,230,Brooklyn Nets,2020
48,Jeremiah Martin,PG,https://www.basketball-reference.com/players/m/martije02.html,0,6-3,185,Brooklyn Nets,2020
49,Tyler Johnson,SG,https://www.basketball-reference.com/players/j/johnsty01.html,8,6-3,186,Brooklyn Nets,2020
50,Lance Thomas,SF,https://www.basketball-reference.com/players/t/thomala01.html,42,6-8,240,Brooklyn Nets,2020
51,Donta Hall,PF,https://www.basketball-reference.com/players/h/halldo01.html,45,6-9,232,Brooklyn Nets,2020
52,Jamal Crawford,SG,https://www.basketball-reference.com/players/c/crawfja01.html,1,6-5,185,Brooklyn Nets,2020
53,Kevin Durant,F-G,https://www.basketball-reference.com/players/d/duranke01.html,,6-10,240,Brooklyn Nets,2020
54,Miles Bridges,SF,https://www.basketball-reference.com/players/b/bridgmi02.html,0,6-6,225,Charlotte Hornets,2020
55,Devonte' Graham,PG,https://www.basketball-reference.com/players/g/grahade01.html,4,6-1,195,Charlotte Hornets,2020
56,Terry Rozier,PG,https://www.basketball-reference.com/players/r/roziete01.html,3,6-1,190,Charlotte Hornets,2020
57,P.J. Washington,PF,https://www.basketball-reference.com/players/w/washipj01.html,25,6-7,230,Charlotte Hornets,2020
58,Cody Zeller,C,https://www.basketball-reference.com/players/z/zelleco01.html,40,7-0,240,Charlotte Hornets,2020
59,Malik Monk,SG,https://www.basketball-reference.com/players/m/monkma01.html,1,6-3,200,Charlotte Hornets,2020
60,Bismack Biyombo,C,https://www.basketball-reference.com/players/b/biyombi01.html,8,6-8,255,Charlotte Hornets,2020
61,Cody Martin,SF,https://www.basketball-reference.com/players/m/martico01.html,11,6-5,205,Charlotte Hornets,2020
62,Dwayne Bacon,SG,https://www.basketball-reference.com/players/b/bacondw01.html,7,6-6,221,Charlotte Hornets,2020
63,Willy Hernangomez,C,https://www.basketball-reference.com/players/h/hernawi01.html,9,6-11,250,Charlotte Hornets,2020
64,Nicolas Batum,SF,https://www.basketball-reference.com/players/b/batumni01.html,5,6-9,230,Charlotte Hornets,2020
65,Caleb Martin,SF,https://www.basketball-reference.com/players/m/martica02.html,10,6-5,205,Charlotte Hornets,2020
66,Jalen McDaniels,PF,https://www.basketball-reference.com/players/m/mcdanja01.html,6,6-10,205,Charlotte Hornets,2020
67,Kobi Simmons,G,https://www.basketball-reference.com/players/s/simmoko01.html,,6-5,166,Charlotte Hornets,2020
68,Ray Spalding,F,https://www.basketball-reference.com/players/s/spaldra01.html,,6-10,215,Charlotte Hornets,2020
69,Coby White,SG,https://www.basketball-reference.com/players/w/whiteco01.html,0,6-4,195,Chicago Bulls,2020
70,Tomas Satoransky,PG,https://www.basketball-reference.com/players/s/satorto01.html,31,6-7,210,Chicago Bulls,2020
71,Thaddeus Young,PF,https://www.basketball-reference.com/players/y/youngth01.html,21,6-8,235,Chicago Bulls,2020
72,Zach LaVine,SG,https://www.basketball-reference.com/players/l/lavinza01.html,8,6-6,200,Chicago Bulls,2020
73,Ryan Arcidiacono,PG,https://www.basketball-reference.com/players/a/arcidry01.html,51,6-3,195,Chicago Bulls,2020
74,Kris Dunn,PG,https://www.basketball-reference.com/players/d/dunnkr01.html,32,6-3,205,Chicago Bulls,2020
75,Lauri Markkanen,PF,https://www.basketball-reference.com/players/m/markkla01.html,24,7-0,240,Chicago Bulls,2020
76,Wendell Carter Jr.,C,https://www.basketball-reference.com/players/c/cartewe01.html,34,6-9,270,Chicago Bulls,2020
77,Daniel Gafford,C,https://www.basketball-reference.com/players/g/gaffoda01.html,12,6-10,234,Chicago Bulls,2020
78,Shaquille Harrison,SF,https://www.basketball-reference.com/players/h/harrish01.html,3,6-7,190,Chicago Bulls,2020
79,Denzel Valentine,SF,https://www.basketball-reference.com/players/v/valende01.html,45,6-4,220,Chicago Bulls,2020
80,Luke Kornet,C,https://www.basketball-reference.com/players/k/kornelu01.html,2,7-2,250,Chicago Bulls,2020
81,Chandler Hutchison,SF,https://www.basketball-reference.com/players/h/hutchch01.html,15,6-7,210,Chicago Bulls,2020
82,Cristiano Felicio,PF,https://www.basketball-reference.com/players/f/feliccr01.html,6,6-10,270,Chicago Bulls,2020
83,Otto Porter,SF,https://www.basketball-reference.com/players/p/porteot01.html,22,6-8,198,Chicago Bulls,2020
84,Adam Mokoka,SG,https://www.basketball-reference.com/players/m/mokokad01.html,20,6-5,190,Chicago Bulls,2020
85,Max Strus,SG,https://www.basketball-reference.com/players/s/strusma01.html,28,6-6,215,Chicago Bulls,2020
86,Collin Sexton,SG,https://www.basketball-reference.com/players/s/sextoco01.html,2,6-1,190,Cleveland Cavaliers,2020
87,Cedi Osman,SF,https://www.basketball-reference.com/players/o/osmande01.html,16,6-7,230,Cleveland Cavaliers,2020
88,Darius Garland,PG,https://www.basketball-reference.com/players/g/garlada01.html,10,6-1,192,Cleveland Cavaliers,2020
89,Tristan Thompson,C,https://www.basketball-reference.com/players/t/thomptr01.html,13,6-9,254,Cleveland Cavaliers,2020
90,Matthew Dellavedova,PG,https://www.basketball-reference.com/players/d/dellama01.html,18,6-3,200,Cleveland Cavaliers,2020
91,Kevin Love,PF,https://www.basketball-reference.com/players/l/loveke01.html,0,6-8,251,Cleveland Cavaliers,2020
92,Larry Nance Jr.,C,https://www.basketball-reference.com/players/n/nancela02.html,22,6-7,245,Cleveland Cavaliers,2020
93,Kevin Porter Jr.,SF,https://www.basketball-reference.com/players/p/porteke02.html,4,6-4,203,Cleveland Cavaliers,2020
94,Alfonzo McKinnie,SF,https://www.basketball-reference.com/players/m/mckinal01.html,28,6-7,215,Cleveland Cavaliers,2020
95,Dante Exum,SG,https://www.basketball-reference.com/players/e/exumda01.html,1,6-5,214,Cleveland Cavaliers,2020
96,Ante Zizic,C,https://www.basketball-reference.com/players/z/zizican01.html,41,6-10,266,Cleveland Cavaliers,2020
97,Dean Wade,PF,https://www.basketball-reference.com/players/w/wadede01.html,32,6-9,228,Cleveland Cavaliers,2020
98,Andre Drummond,C,https://www.basketball-reference.com/players/d/drumman01.html,3,6-10,279,Cleveland Cavaliers,2020
99,Matt Mooney,SG,https://www.basketball-reference.com/players/m/moonema01.html,31,6-3,199,Cleveland Cavaliers,2020
100,Jordan Bell,F,https://www.basketball-reference.com/players/b/belljo01.html,,6-8,216,Cleveland Cavaliers,2020
101,Dylan Windler,G-F,https://www.basketball-reference.com/players/w/windldy01.html,,6-6,196,Cleveland Cavaliers,2020
102,Maxi Kleber,C,https://www.basketball-reference.com/players/k/klebima01.html,42,6-10,240,Dallas Mavericks,2020
103,Delon Wright,SG,https://www.basketball-reference.com/players/w/wrighde01.html,55,6-5,185,Dallas Mavericks,2020
104,Tim Hardaway Jr.,SG,https://www.basketball-reference.com/players/h/hardati02.html,11,6-5,205,Dallas Mavericks,2020
105,Dorian Finney-Smith,PF,https://www.basketball-reference.com/players/f/finnedo01.html,10,6-7,220,Dallas Mavericks,2020
106,Justin Jackson,PF,https://www.basketball-reference.com/players/j/jacksju01.html,44,6-7,220,Dallas Mavericks,2020
107,Seth Curry,SG,https://www.basketball-reference.com/players/c/curryse01.html,30,6-2,185,Dallas Mavericks,2020
108,Luka Doncic,PG,https://www.basketball-reference.com/players/d/doncilu01.html,77,6-7,230,Dallas Mavericks,2020
109,Kristaps Porzingis,PF,https://www.basketball-reference.com/players/p/porzikr01.html,6,7-3,240,Dallas Mavericks,2020
110,Jalen Brunson,PG,https://www.basketball-reference.com/players/b/brunsja01.html,13,6-1,190,Dallas Mavericks,2020
111,Boban Marjanovic,C,https://www.basketball-reference.com/players/m/marjabo01.html,51,7-4,290,Dallas Mavericks,2020
112,Dwight Powell,C,https://www.basketball-reference.com/players/p/poweldw01.html,7,6-10,240,Dallas Mavericks,2020
113,J.J. Barea,PG,https://www.basketball-reference.com/players/b/bareajo01.html,5,5-10,180,Dallas Mavericks,2020
114,Courtney Lee,SG,https://www.basketball-reference.com/players/l/leeco01.html,1,6-5,215,Dallas Mavericks,2020
115,Willie Cauley-Stein,C,https://www.basketball-reference.com/players/c/caulewi01.html,33,7-0,240,Dallas Mavericks,2020
116,Michael Kidd-Gilchrist,SF,https://www.basketball-reference.com/players/k/kiddgmi01.html,9,6-6,232,Dallas Mavericks,2020
117,Antonius Cleveland,SG,https://www.basketball-reference.com/players/c/clevean01.html,3,6-5,195,Dallas Mavericks,2020
118,Trey Burke,PG,https://www.basketball-reference.com/players/b/burketr01.html,32,6-0,185,Dallas Mavericks,2020
119,Josh Reaves,SG,https://www.basketball-reference.com/players/r/reavejo02.html,23,6-4,214,Dallas Mavericks,2020
120,Nikola Jokic,C,https://www.basketball-reference.com/players/j/jokicni01.html,15,7-0,284,Denver Nuggets,2020
121,Monte Morris,PG,https://www.basketball-reference.com/players/m/morrimo01.html,11,6-2,183,Denver Nuggets,2020
122,Jerami Grant,PF,https://www.basketball-reference.com/players/g/grantje01.html,9,6-8,210,Denver Nuggets,2020
123,Mason Plumlee,C,https://www.basketball-reference.com/players/p/plumlma01.html,7-24,6-11,254,Denver Nuggets,2020
124,Jamal Murray,PG,https://www.basketball-reference.com/players/m/murraja01.html,27,6-4,215,Denver Nuggets,2020
125,Will Barton,SF,https://www.basketball-reference.com/players/b/bartowi01.html,5,6-5,181,Denver Nuggets,2020
126,Torrey Craig,SF,https://www.basketball-reference.com/players/c/craigto01.html,3,6-7,221,Denver Nuggets,2020
127,Gary Harris,SG,https://www.basketball-reference.com/players/h/harriga01.html,14,6-4,210,Denver Nuggets,2020
128,Michael Porter Jr.,PF,https://www.basketball-reference.com/players/p/portemi01.html,1,6-10,218,Denver Nuggets,2020
129,Paul Millsap,PF,https://www.basketball-reference.com/players/m/millspa01.html,4,6-7,257,Denver Nuggets,2020
130,PJ Dozier,PG,https://www.basketball-reference.com/players/d/doziepj01.html,35,6-6,205,Denver Nuggets,2020
131,Vlatko Cancar,SF,https://www.basketball-reference.com/players/c/cancavl01.html,31,6-8,236,Denver Nuggets,2020
132,Bol Bol,SF,https://www.basketball-reference.com/players/b/bolbo01.html,10,7-2,220,Denver Nuggets,2020
133,Keita Bates-Diop,SF,https://www.basketball-reference.com/players/b/bateske01.html,6,6-8,229,Denver Nuggets,2020
134,Noah Vonleh,PF,https://www.basketball-reference.com/players/v/vonleno01.html,32,6-10,257,Denver Nuggets,2020
135,Troy Daniels,SG,https://www.basketball-reference.com/players/d/danietr01.html,30,6-4,200,Denver Nuggets,2020
136,Tyler Cook,PF,https://www.basketball-reference.com/players/c/cookty01.html,25,6-8,255,Denver Nuggets,2020
137,Langston Galloway,SG,https://www.basketball-reference.com/players/g/gallola01.html,9,6-1,200,Detroit Pistons,2020
138,Christian Wood,PF,https://www.basketball-reference.com/players/w/woodch01.html,35,6-10,214,Detroit Pistons,2020
139,Thon Maker,C,https://www.basketball-reference.com/players/m/makerth01.html,7,7-0,221,Detroit Pistons,2020
140,Tony Snell,SF,https://www.basketball-reference.com/players/s/snellto01.html,17,6-6,213,Detroit Pistons,2020
141,Bruce Brown,SG,https://www.basketball-reference.com/players/b/brownbr01.html,6,6-4,202,Detroit Pistons,2020
142,Sviatoslav Mykhailiuk,SF,https://www.basketball-reference.com/players/m/mykhasv01.html,19,6-7,205,Detroit Pistons,2020
143,Derrick Rose,PG,https://www.basketball-reference.com/players/r/rosede01.html,25,6-2,200,Detroit Pistons,2020
144,Sekou Doumbouya,SF,https://www.basketball-reference.com/players/d/doumbse01.html,45,6-8,230,Detroit Pistons,2020
145,Luke Kennard,SG,https://www.basketball-reference.com/players/k/kennalu01.html,5,6-5,206,Detroit Pistons,2020
146,Blake Griffin,PF,https://www.basketball-reference.com/players/g/griffbl01.html,23,6-9,250,Detroit Pistons,2020
147,John Henson,PF,https://www.basketball-reference.com/players/h/hensojo01.html,31,6-9,219,Detroit Pistons,2020
148,Louis King,SF,https://www.basketball-reference.com/players/k/kinglo02.html,14,6-7,205,Detroit Pistons,2020
149,Jordan Bone,PG,https://www.basketball-reference.com/players/b/bonejo01.html,18,6-3,180,Detroit Pistons,2020
150,Brandon Knight,PG,https://www.basketball-reference.com/players/k/knighbr03.html,20,6-2,182,Detroit Pistons,2020
151,Khyri Thomas,SG,https://www.basketball-reference.com/players/t/thomakh01.html,13,6-3,210,Detroit Pistons,2020
152,Jordan McRae,SG,https://www.basketball-reference.com/players/m/mcraejo01.html,52,6-5,179,Detroit Pistons,2020
153,Justin Patton,C,https://www.basketball-reference.com/players/p/pattoju01.html,,6-11,241,Detroit Pistons,2020
154,Eric Paschall,PF,https://www.basketball-reference.com/players/p/pascher01.html,7,6-6,255,Golden State Warriors,2020
155,Marquese Chriss,PF,https://www.basketball-reference.com/players/c/chrisma01.html,32,6-9,240,Golden State Warriors,2020
156,Jordan Poole,SG,https://www.basketball-reference.com/players/p/poolejo01.html,3,6-4,194,Golden State Warriors,2020
157,Damion Lee,SG,https://www.basketball-reference.com/players/l/leeda03.html,1,6-5,210,Golden State Warriors,2020
158,Ky Bowman,PG,https://www.basketball-reference.com/players/b/bowmaky01.html,12,6-1,187,Golden State Warriors,2020
159,Draymond Green,PF,https://www.basketball-reference.com/players/g/greendr01.html,23,6-6,230,Golden State Warriors,2020
160,Kevon Looney,C,https://www.basketball-reference.com/players/l/looneke01.html,5,6-9,222,Golden State Warriors,2020
161,Alen Smailagic,PF,https://www.basketball-reference.com/players/s/smailal01.html,6,6-10,215,Golden State Warriors,2020
162,Juan Toscano-Anderson,SF,https://www.basketball-reference.com/players/t/toscaju01.html,95,6-6,209,Golden State Warriors,2020
163,Andrew Wiggins,SG,https://www.basketball-reference.com/players/w/wiggian01.html,22,6-7,197,Golden State Warriors,2020
164,Mychal Mulder,SG,https://www.basketball-reference.com/players/m/muldemy01.html,15,6-4,184,Golden State Warriors,2020
165,Stephen Curry,PG,https://www.basketball-reference.com/players/c/curryst01.html,30,6-3,185,Golden State Warriors,2020
166,Klay Thompson,G-F,https://www.basketball-reference.com/players/t/thompkl01.html,,6-6,215,Golden State Warriors,2020
167,P.J. Tucker,PF,https://www.basketball-reference.com/players/t/tuckepj01.html,17,6-5,245,Houston Rockets,2020
168,Ben McLemore,SG,https://www.basketball-reference.com/players/m/mclembe01.html,16,6-3,195,Houston Rockets,2020
169,James Harden,SG,https://www.basketball-reference.com/players/h/hardeja01.html,13,6-5,220,Houston Rockets,2020
170,Austin Rivers,SG,https://www.basketball-reference.com/players/r/riverau01.html,25,6-3,200,Houston Rockets,2020
171,Danuel House,SF,https://www.basketball-reference.com/players/h/houseda01.html,4,6-6,220,Houston Rockets,2020
172,Russell Westbrook,PG,https://www.basketball-reference.com/players/w/westbru01.html,0,6-3,200,Houston Rockets,2020
173,Thabo Sefolosha,PF,https://www.basketball-reference.com/players/s/sefolth01.html,18,6-6,215,Houston Rockets,2020
174,Eric Gordon,SF,https://www.basketball-reference.com/players/g/gordoer01.html,10,6-3,215,Houston Rockets,2020
175,Chris Clemons,SG,https://www.basketball-reference.com/players/c/clemoch01.html,3,5-9,180,Houston Rockets,2020
176,Tyson Chandler,C,https://www.basketball-reference.com/players/c/chandty01.html,19,7-0,235,Houston Rockets,2020
177,Robert Covington,C,https://www.basketball-reference.com/players/c/covinro01.html,33,6-7,209,Houston Rockets,2020
178,Jeff Green,C,https://www.basketball-reference.com/players/g/greenje02.html,32,6-8,235,Houston Rockets,2020
179,Michael Frazier,SG,https://www.basketball-reference.com/players/f/frazimi01.html,21,6-3,200,Houston Rockets,2020
180,DeMarre Carroll,PF,https://www.basketball-reference.com/players/c/carrode01.html,9,6-6,215,Houston Rockets,2020
181,Bruno Caboclo,C,https://www.basketball-reference.com/players/c/cabocbr01.html,5,6-9,218,Houston Rockets,2020
182,Luc Mbah a Moute,PF,https://www.basketball-reference.com/players/m/mbahalu01.html,12,6-8,230,Houston Rockets,2020
183,William Howard,PF,https://www.basketball-reference.com/players/h/howarwi01.html,52,6-8,207,Houston Rockets,2020
184,David Nwaba,G,https://www.basketball-reference.com/players/n/nwabada01.html,,6-5,219,Houston Rockets,2020
185,Justin Holiday,SG,https://www.basketball-reference.com/players/h/holidju01.html,8,6-6,180,Indiana Pacers,2020
186,T.J. McConnell,PG,https://www.basketball-reference.com/players/m/mccontj01.html,9,6-1,190,Indiana Pacers,2020
187,Doug McDermott,PF,https://www.basketball-reference.com/players/m/mcderdo01.html,20,6-7,225,Indiana Pacers,2020
188,T.J. Warren,SF,https://www.basketball-reference.com/players/w/warretj01.html,1,6-8,220,Indiana Pacers,2020
189,Aaron Holiday,PG,https://www.basketball-reference.com/players/h/holidaa01.html,3,6-0,185,Indiana Pacers,2020
190,Domantas Sabonis,PF,https://www.basketball-reference.com/players/s/sabondo01.html,11,6-11,240,Indiana Pacers,2020
191,Myles Turner,C,https://www.basketball-reference.com/players/t/turnemy01.html,33,6-11,250,Indiana Pacers,2020
192,Malcolm Brogdon,PG,https://www.basketball-reference.com/players/b/brogdma01.html,7,6-5,229,Indiana Pacers,2020
193,Goga Bitadze,C,https://www.basketball-reference.com/players/b/bitadgo01.html,88,6-11,250,Indiana Pacers,2020
194,Jeremy Lamb,SG,https://www.basketball-reference.com/players/l/lambje01.html,26,6-5,180,Indiana Pacers,2020
195,JaKarr Sampson,SF,https://www.basketball-reference.com/players/s/sampsja02.html,14,6-7,214,Indiana Pacers,2020
196,Edmond Sumner,PG,https://www.basketball-reference.com/players/s/sumneed01.html,5,6-4,196,Indiana Pacers,2020
197,T.J. Leaf,PF,https://www.basketball-reference.com/players/l/leaftj01.html,22,6-10,222,Indiana Pacers,2020
198,Victor Oladipo,SG,https://www.basketball-reference.com/players/o/oladivi01.html,4,6-4,213,Indiana Pacers,2020
199,Alize Johnson,SF,https://www.basketball-reference.com/players/j/johnsal02.html,24,6-7,212,Indiana Pacers,2020
200,Brian Bowen,SG,https://www.basketball-reference.com/players/b/bowenbr02.html,10,6-6,190,Indiana Pacers,2020
201,Naz Mitrou-Long,SG,https://www.basketball-reference.com/players/m/mitrona01.html,15,6-3,218,Indiana Pacers,2020
202,Ivica Zubac,C,https://www.basketball-reference.com/players/z/zubaciv01.html,40,7-0,240,Los Angeles Clippers,2020
203,Lou Williams,SG,https://www.basketball-reference.com/players/w/willilo02.html,23,6-1,175,Los Angeles Clippers,2020
204,Montrezl Harrell,C,https://www.basketball-reference.com/players/h/harremo01.html,5,6-7,240,Los Angeles Clippers,2020
205,JaMychal Green,PF,https://www.basketball-reference.com/players/g/greenja01.html,4,6-8,227,Los Angeles Clippers,2020
206,Patrick Patterson,PF,https://www.basketball-reference.com/players/p/pattepa01.html,54,6-8,235,Los Angeles Clippers,2020
207,Kawhi Leonard,SF,https://www.basketball-reference.com/players/l/leonaka01.html,2,6-7,225,Los Angeles Clippers,2020
208,Rodney McGruder,SG,https://www.basketball-reference.com/players/m/mcgruro01.html,19,6-4,205,Los Angeles Clippers,2020
209,Landry Shamet,SG,https://www.basketball-reference.com/players/s/shamela01.html,20,6-4,190,Los Angeles Clippers,2020
210,Patrick Beverley,PG,https://www.basketball-reference.com/players/b/beverpa01.html,21,6-1,180,Los Angeles Clippers,2020
211,Paul George,SF,https://www.basketball-reference.com/players/g/georgpa01.html,13,6-8,220,Los Angeles Clippers,2020
212,Terance Mann,SG,https://www.basketball-reference.com/players/m/mannte01.html,14,6-5,215,Los Angeles Clippers,2020
213,Marcus Morris,PF,https://www.basketball-reference.com/players/m/morrima03.html,31,6-8,218,Los Angeles Clippers,2020
214,Amir Coffey,SG,https://www.basketball-reference.com/players/c/coffeam01.html,7,6-7,210,Los Angeles Clippers,2020
215,Reggie Jackson,PG,https://www.basketball-reference.com/players/j/jacksre01.html,1,6-3,208,Los Angeles Clippers,2020
216,Johnathan Motley,PF,https://www.basketball-reference.com/players/m/motlejo01.html,15,6-8,230,Los Angeles Clippers,2020
217,Mfiondu Kabengele,C,https://www.basketball-reference.com/players/k/kabenmf01.html,25,6-9,250,Los Angeles Clippers,2020
218,Joakim Noah,C,https://www.basketball-reference.com/players/n/noahjo01.html,55,6-11,230,Los Angeles Clippers,2020
219,Kentavious Caldwell-Pope,SG,https://www.basketball-reference.com/players/c/caldwke01.html,1,6-5,204,Los Angeles Lakers,2020
220,Dwight Howard,C,https://www.basketball-reference.com/players/h/howardw01.html,39,6-10,265,Los Angeles Lakers,2020
221,Danny Green,SG,https://www.basketball-reference.com/players/g/greenda02.html,14,6-6,215,Los Angeles Lakers,2020
222,JaVale McGee,C,https://www.basketball-reference.com/players/m/mcgeeja01.html,7,7-0,270,Los Angeles Lakers,2020
223,LeBron James,PG,https://www.basketball-reference.com/players/j/jamesle01.html,23,6-9,250,Los Angeles Lakers,2020
224,Alex Caruso,PG,https://www.basketball-reference.com/players/c/carusal01.html,4,6-5,186,Los Angeles Lakers,2020
225,Anthony Davis,PF,https://www.basketball-reference.com/players/d/davisan02.html,3,6-10,253,Los Angeles Lakers,2020
226,Kyle Kuzma,PF,https://www.basketball-reference.com/players/k/kuzmaky01.html,0,6-8,221,Los Angeles Lakers,2020
227,Avery Bradley,SG,https://www.basketball-reference.com/players/b/bradlav01.html,11,6-3,180,Los Angeles Lakers,2020
228,Rajon Rondo,PG,https://www.basketball-reference.com/players/r/rondora01.html,9,6-1,180,Los Angeles Lakers,2020
229,Jared Dudley,SF,https://www.basketball-reference.com/players/d/dudleja01.html,10,6-6,237,Los Angeles Lakers,2020
230,Quinn Cook,PG,https://www.basketball-reference.com/players/c/cookqu01.html,2-28,6-1,180,Los Angeles Lakers,2020
231,Markieff Morris,PF,https://www.basketball-reference.com/players/m/morrima02.html,88,6-8,245,Los Angeles Lakers,2020
232,Dion Waiters,SG,https://www.basketball-reference.com/players/w/waitedi01.html,18,6-3,215,Los Angeles Lakers,2020
233,Talen Horton-Tucker,SG,https://www.basketball-reference.com/players/h/hortota01.html,5,6-4,234,Los Angeles Lakers,2020
234,J.R. Smith,SG,https://www.basketball-reference.com/players/s/smithjr01.html,21,6-6,225,Los Angeles Lakers,2020
235,Kostas Antetokounmpo,PF,https://www.basketball-reference.com/players/a/antetko01.html,37,6-10,200,Los Angeles Lakers,2020
236,Devontae Cacok,C,https://www.basketball-reference.com/players/c/cacokde01.html,12,6-7,240,Los Angeles Lakers,2020
237,Dillon Brooks,SG,https://www.basketball-reference.com/players/b/brookdi01.html,24,6-7,225,Memphis Grizzlies,2020
238,Jonas Valanciunas,C,https://www.basketball-reference.com/players/v/valanjo01.html,17,6-11,265,Memphis Grizzlies,2020
239,Ja Morant,PG,https://www.basketball-reference.com/players/m/moranja01.html,12,6-3,174,Memphis Grizzlies,2020
240,Kyle Anderson,PF,https://www.basketball-reference.com/players/a/anderky01.html,1,6-9,230,Memphis Grizzlies,2020
241,Tyus Jones,PG,https://www.basketball-reference.com/players/j/jonesty01.html,21,6-0,196,Memphis Grizzlies,2020
242,De'Anthony Melton,PG,https://www.basketball-reference.com/players/m/meltode01.html,0,6-2,200,Memphis Grizzlies,2020
243,Brandon Clarke,PF,https://www.basketball-reference.com/players/c/clarkbr01.html,15,6-8,215,Memphis Grizzlies,2020
244,Jaren Jackson Jr.,C,https://www.basketball-reference.com/players/j/jacksja02.html,13,6-11,242,Memphis Grizzlies,2020
245,Marko Guduric,SG,https://www.basketball-reference.com/players/g/gudurma01.html,23,6-6,201,Memphis Grizzlies,2020
246,Grayson Allen,SG,https://www.basketball-reference.com/players/a/allengr01.html,3,6-4,198,Memphis Grizzlies,2020
247,Josh Jackson,SG,https://www.basketball-reference.com/players/j/jacksjo02.html,20,6-8,207,Memphis Grizzlies,2020
248,John Konchar,SG,https://www.basketball-reference.com/players/k/konchjo01.html,46,6-5,210,Memphis Grizzlies,2020
249,Yuta Watanabe,SG,https://www.basketball-reference.com/players/w/watanyu01.html,18,6-8,215,Memphis Grizzlies,2020
250,Gorgui Dieng,C,https://www.basketball-reference.com/players/d/dienggo01.html,14,6-10,252,Memphis Grizzlies,2020
251,Anthony Tolliver,PF,https://www.basketball-reference.com/players/t/tollian01.html,44,6-8,240,Memphis Grizzlies,2020
252,Justise Winslow,F,https://www.basketball-reference.com/players/w/winslju01.html,,6-6,222,Memphis Grizzlies,2020
253,Jontay Porter,F-C,https://www.basketball-reference.com/players/p/portejo01.html,,6-11,240,Memphis Grizzlies,2020
254,Duncan Robinson,SG,https://www.basketball-reference.com/players/r/robindu01.html,55,6-7,215,Miami Heat,2020
255,Bam Adebayo,PF,https://www.basketball-reference.com/players/a/adebaba01.html,13,6-9,255,Miami Heat,2020
256,Kendrick Nunn,SG,https://www.basketball-reference.com/players/n/nunnke01.html,25,6-2,190,Miami Heat,2020
257,Kelly Olynyk,C,https://www.basketball-reference.com/players/o/olynyke01.html,9,6-11,240,Miami Heat,2020
258,Goran Dragic,PG,https://www.basketball-reference.com/players/d/dragigo01.html,7,6-3,190,Miami Heat,2020
259,Derrick Jones Jr.,SF,https://www.basketball-reference.com/players/j/jonesde02.html,5,6-6,210,Miami Heat,2020
260,Jimmy Butler,SF,https://www.basketball-reference.com/players/b/butleji01.html,22,6-7,230,Miami Heat,2020
261,Tyler Herro,SG,https://www.basketball-reference.com/players/h/herroty01.html,14,6-5,195,Miami Heat,2020
262,Meyers Leonard,C,https://www.basketball-reference.com/players/l/leoname01.html,0,7-0,260,Miami Heat,2020
263,Chris Silva,PF,https://www.basketball-reference.com/players/s/silvach01.html,30,6-8,234,Miami Heat,2020
264,Andre Iguodala,SG,https://www.basketball-reference.com/players/i/iguodan01.html,28,6-6,215,Miami Heat,2020
265,Jae Crowder,SF,https://www.basketball-reference.com/players/c/crowdja01.html,99,6-6,235,Miami Heat,2020
266,Solomon Hill,SF,https://www.basketball-reference.com/players/h/hillso01.html,44,6-6,226,Miami Heat,2020
267,Gabe Vincent,PG,https://www.basketball-reference.com/players/v/vincega01.html,2,6-3,200,Miami Heat,2020
268,KZ Okpala,SF,https://www.basketball-reference.com/players/o/okpalkz01.html,4,6-8,215,Miami Heat,2020
269,Udonis Haslem,PF,https://www.basketball-reference.com/players/h/hasleud01.html,40,6-8,235,Miami Heat,2020
270,Kyle Alexander,PF,https://www.basketball-reference.com/players/a/alexaky01.html,17,6-11,220,Miami Heat,2020
271,Brook Lopez,C,https://www.basketball-reference.com/players/l/lopezbr01.html,11,7-0,282,Milwaukee Bucks,2020
272,Wesley Matthews,SG,https://www.basketball-reference.com/players/m/matthwe02.html,9,6-4,220,Milwaukee Bucks,2020
273,Pat Connaughton,SG,https://www.basketball-reference.com/players/c/connapa01.html,24,6-5,209,Milwaukee Bucks,2020
274,Donte DiVincenzo,SG,https://www.basketball-reference.com/players/d/divindo01.html,0,6-4,203,Milwaukee Bucks,2020
275,Robin Lopez,C,https://www.basketball-reference.com/players/l/lopezro01.html,42,7-0,281,Milwaukee Bucks,2020
276,Giannis Antetokounmpo,PF,https://www.basketball-reference.com/players/a/antetgi01.html,34,6-11,242,Milwaukee Bucks,2020
277,Ersan Ilyasova,PF,https://www.basketball-reference.com/players/i/ilyaser01.html,7,6-9,235,Milwaukee Bucks,2020
278,Khris Middleton,SF,https://www.basketball-reference.com/players/m/middlkh01.html,22,6-7,222,Milwaukee Bucks,2020
279,Eric Bledsoe,PG,https://www.basketball-reference.com/players/b/bledser01.html,6,6-1,214,Milwaukee Bucks,2020
280,George Hill,PG,https://www.basketball-reference.com/players/h/hillge01.html,3,6-3,188,Milwaukee Bucks,2020
281,Kyle Korver,SF,https://www.basketball-reference.com/players/k/korveky01.html,26,6-7,212,Milwaukee Bucks,2020
282,Sterling Brown,SF,https://www.basketball-reference.com/players/b/brownst02.html,23,6-5,219,Milwaukee Bucks,2020
283,D.J. Wilson,PF,https://www.basketball-reference.com/players/w/wilsodj01.html,5,6-10,231,Milwaukee Bucks,2020
284,Thanasis Antetokounmpo,SF,https://www.basketball-reference.com/players/a/antetth01.html,43,6-6,219,Milwaukee Bucks,2020
285,Marvin Williams,PF,https://www.basketball-reference.com/players/w/willima02.html,20,6-8,237,Milwaukee Bucks,2020
286,Frank Mason III,PG,https://www.basketball-reference.com/players/m/masonfr01.html,15,5-11,190,Milwaukee Bucks,2020
287,Cameron Reynolds,G,https://www.basketball-reference.com/players/r/reynoca01.html,,6-7,225,Milwaukee Bucks,2020
288,Jarrett Culver,SG,https://www.basketball-reference.com/players/c/culveja01.html,23,6-6,195,Minnesota Timberwolves,2020
289,Josh Okogie,SG,https://www.basketball-reference.com/players/o/okogijo01.html,20,6-4,213,Minnesota Timberwolves,2020
290,Karl-Anthony Towns,C,https://www.basketball-reference.com/players/t/townska01.html,32,6-11,248,Minnesota Timberwolves,2020
291,Kelan Martin,SF,https://www.basketball-reference.com/players/m/martike03.html,30,6-5,230,Minnesota Timberwolves,2020
292,Naz Reid,C,https://www.basketball-reference.com/players/r/reidna01.html,11,6-9,264,Minnesota Timberwolves,2020
293,Jordan McLaughlin,PG,https://www.basketball-reference.com/players/m/mclaujo01.html,6,5-11,185,Minnesota Timberwolves,2020
294,Jake Layman,PF,https://www.basketball-reference.com/players/l/laymaja01.html,10,6-8,209,Minnesota Timberwolves,2020
295,Jaylen Nowell,SG,https://www.basketball-reference.com/players/n/nowelja01.html,4,6-4,201,Minnesota Timberwolves,2020
296,Malik Beasley,SG,https://www.basketball-reference.com/players/b/beaslma01.html,5,6-4,187,Minnesota Timberwolves,2020
297,Juan Hernangomez,PF,https://www.basketball-reference.com/players/h/hernaju01.html,41,6-9,214,Minnesota Timberwolves,2020
298,James Johnson,PF,https://www.basketball-reference.com/players/j/johnsja01.html,16,6-7,240,Minnesota Timberwolves,2020
299,D'Angelo Russell,PG,https://www.basketball-reference.com/players/r/russeda01.html,0,6-4,193,Minnesota Timberwolves,2020
300,Jarred Vanderbilt,PF,https://www.basketball-reference.com/players/v/vandeja01.html,3,6-9,214,Minnesota Timberwolves,2020
301,Jacob Evans,SG,https://www.basketball-reference.com/players/e/evansja02.html,12,6-4,210,Minnesota Timberwolves,2020
302,Evan Turner,G,https://www.basketball-reference.com/players/t/turneev01.html,,6-6,220,Minnesota Timberwolves,2020
303,Omari Spellman,F,https://www.basketball-reference.com/players/s/spellom01.html,,6-8,245,Minnesota Timberwolves,2020
304,Josh Hart,SF,https://www.basketball-reference.com/players/h/hartjo01.html,3,6-5,215,New Orleans Pelicans,2020
305,Jaxson Hayes,C,https://www.basketball-reference.com/players/h/hayesja02.html,10,6-11,220,New Orleans Pelicans,2020
306,Lonzo Ball,PG,https://www.basketball-reference.com/players/b/balllo01.html,2,6-6,190,New Orleans Pelicans,2020
307,Brandon Ingram,PF,https://www.basketball-reference.com/players/i/ingrabr01.html,14,6-7,190,New Orleans Pelicans,2020
308,Jrue Holiday,SG,https://www.basketball-reference.com/players/h/holidjr01.html,11,6-3,205,New Orleans Pelicans,2020
309,J.J. Redick,SG,https://www.basketball-reference.com/players/r/redicjj01.html,4,6-3,200,New Orleans Pelicans,2020
310,Nicolo Melli,C,https://www.basketball-reference.com/players/m/mellini01.html,20,6-9,236,New Orleans Pelicans,2020
311,Frank Jackson,PG,https://www.basketball-reference.com/players/j/jacksfr01.html,15,6-3,205,New Orleans Pelicans,2020
312,E'Twaun Moore,SG,https://www.basketball-reference.com/players/m/mooreet01.html,55,6-3,191,New Orleans Pelicans,2020
313,Derrick Favors,C,https://www.basketball-reference.com/players/f/favorde01.html,22,6-9,265,New Orleans Pelicans,2020
314,Nickeil Alexander-Walker,SG,https://www.basketball-reference.com/players/a/alexani01.html,0,6-5,205,New Orleans Pelicans,2020
315,Kenrich Williams,PF,https://www.basketball-reference.com/players/w/willike04.html,34,6-6,210,New Orleans Pelicans,2020
316,Jahlil Okafor,C,https://www.basketball-reference.com/players/o/okafoja01.html,8-9,6-10,270,New Orleans Pelicans,2020
317,Zion Williamson,PF,https://www.basketball-reference.com/players/w/willizi01.html,1,6-6,284,New Orleans Pelicans,2020
318,Zylan Cheatham,SF,https://www.basketball-reference.com/players/c/cheatzy01.html,45,6-5,220,New Orleans Pelicans,2020
319,Sindarius Thornwell,SG,https://www.basketball-reference.com/players/t/thornsi01.html,12,6-5,215,New Orleans Pelicans,2020
320,Josh Gray,PG,https://www.basketball-reference.com/players/g/grayjo01.html,5,6-0,180,New Orleans Pelicans,2020
321,Darius Miller,F,https://www.basketball-reference.com/players/m/milleda01.html,,6-6,225,New Orleans Pelicans,2020
322,Bobby Portis,C,https://www.basketball-reference.com/players/p/portibo01.html,1,6-10,250,New York Knicks,2020
323,Kevin Knox,SF,https://www.basketball-reference.com/players/k/knoxke01.html,20,6-7,215,New York Knicks,2020
324,Julius Randle,PF,https://www.basketball-reference.com/players/r/randlju01.html,30,6-8,250,New York Knicks,2020
325,Taj Gibson,C,https://www.basketball-reference.com/players/g/gibsota01.html,67,6-9,232,New York Knicks,2020
326,Mitchell Robinson,C,https://www.basketball-reference.com/players/r/robinmi01.html,23,7-0,240,New York Knicks,2020
327,Frank Ntilikina,PG,https://www.basketball-reference.com/players/n/ntilila01.html,11,6-4,200,New York Knicks,2020
328,RJ Barrett,SG,https://www.basketball-reference.com/players/b/barrerj01.html,9,6-6,214,New York Knicks,2020
329,Damyean Dotson,SG,https://www.basketball-reference.com/players/d/dotsoda01.html,21,6-5,210,New York Knicks,2020
330,Elfrid Payton,PG,https://www.basketball-reference.com/players/p/paytoel01.html,6,6-3,195,New York Knicks,2020
331,Wayne Ellington,SG,https://www.basketball-reference.com/players/e/ellinwa01.html,2,6-4,207,New York Knicks,2020
332,Dennis Smith Jr.,PG,https://www.basketball-reference.com/players/s/smithde03.html,5,6-2,205,New York Knicks,2020
333,Reggie Bullock,SG,https://www.basketball-reference.com/players/b/bullore01.html,25,6-6,205,New York Knicks,2020
334,Maurice Harkless,SF,https://www.basketball-reference.com/players/h/harklma01.html,3,6-7,220,New York Knicks,2020
335,Ignas Brazdeikis,SF,https://www.basketball-reference.com/players/b/brazdig01.html,17,6-6,221,New York Knicks,2020
336,Theo Pinson,G,https://www.basketball-reference.com/players/p/pinsoth01.html,,6-5,212,New York Knicks,2020
337,Kenny Wooten,F,https://www.basketball-reference.com/players/w/wooteke01.html,,6-9,235,New York Knicks,2020
338,Jared Harper,G,https://www.basketball-reference.com/players/h/harpeja01.html,,5-11,175,New York Knicks,2020
339,Shai Gilgeous-Alexander,SG,https://www.basketball-reference.com/players/g/gilgesh01.html,2,6-5,180,Oklahoma City Thunder,2020
340,Chris Paul,PG,https://www.basketball-reference.com/players/p/paulch01.html,3,6-1,175,Oklahoma City Thunder,2020
341,Dennis Schroder,PG,https://www.basketball-reference.com/players/s/schrode01.html,17,6-1,172,Oklahoma City Thunder,2020
342,Steven Adams,C,https://www.basketball-reference.com/players/a/adamsst01.html,12,6-11,265,Oklahoma City Thunder,2020
343,Danilo Gallinari,PF,https://www.basketball-reference.com/players/g/gallida01.html,8,6-10,233,Oklahoma City Thunder,2020
344,Nerlens Noel,C,https://www.basketball-reference.com/players/n/noelne01.html,9,6-10,220,Oklahoma City Thunder,2020
345,Darius Bazley,PF,https://www.basketball-reference.com/players/b/bazleda01.html,7,6-8,208,Oklahoma City Thunder,2020
346,Terrance Ferguson,SF,https://www.basketball-reference.com/players/f/fergute01.html,23,6-6,190,Oklahoma City Thunder,2020
347,Abdel Nader,SF,https://www.basketball-reference.com/players/n/naderab01.html,11,6-5,225,Oklahoma City Thunder,2020
348,Mike Muscala,C,https://www.basketball-reference.com/players/m/muscami01.html,33,6-10,240,Oklahoma City Thunder,2020
349,Hamidou Diallo,SF,https://www.basketball-reference.com/players/d/diallha01.html,6,6-5,202,Oklahoma City Thunder,2020
350,Deonte Burton,SG,https://www.basketball-reference.com/players/b/burtode02.html,30,6-4,240,Oklahoma City Thunder,2020
351,Luguentz Dort,SG,https://www.basketball-reference.com/players/d/dortlu01.html,5,6-3,220,Oklahoma City Thunder,2020
352,Devon Hall,SG,https://www.basketball-reference.com/players/h/hallde01.html,14,6-2,215,Oklahoma City Thunder,2020
353,Kevin Hervey,PF,https://www.basketball-reference.com/players/h/herveke01.html,15,6-9,230,Oklahoma City Thunder,2020
354,Andre Roberson,SG,https://www.basketball-reference.com/players/r/roberan03.html,21,6-7,210,Oklahoma City Thunder,2020
355,Isaiah Roby,SF,https://www.basketball-reference.com/players/r/robyis01.html,22,6-8,230,Oklahoma City Thunder,2020
356,Markelle Fultz,PG,https://www.basketball-reference.com/players/f/fultzma01.html,20,6-3,209,Orlando Magic,2020
357,Terrence Ross,SG,https://www.basketball-reference.com/players/r/rosste01.html,8-31,6-6,206,Orlando Magic,2020
358,Evan Fournier,SG,https://www.basketball-reference.com/players/f/fournev01.html,10,6-7,205,Orlando Magic,2020
359,Nikola Vucevic,C,https://www.basketball-reference.com/players/v/vucevni01.html,9,6-11,260,Orlando Magic,2020
360,Aaron Gordon,PF,https://www.basketball-reference.com/players/g/gordoaa01.html,00,6-8,235,Orlando Magic,2020
361,Mo Bamba,C,https://www.basketball-reference.com/players/b/bambamo01.html,5,7-0,231,Orlando Magic,2020
362,D.J. Augustin,PG,https://www.basketball-reference.com/players/a/augusdj01.html,14,5-11,183,Orlando Magic,2020
363,Wesley Iwundu,SF,https://www.basketball-reference.com/players/i/iwundwe01.html,25,6-6,195,Orlando Magic,2020
364,Khem Birch,C,https://www.basketball-reference.com/players/b/birchkh01.html,24,6-9,233,Orlando Magic,2020
365,Michael Carter-Williams,SG,https://www.basketball-reference.com/players/c/cartemi01.html,7,6-5,190,Orlando Magic,2020
366,Jonathan Isaac,SF,https://www.basketball-reference.com/players/i/isaacjo01.html,1,6-11,230,Orlando Magic,2020
367,Gary Clark,PF,https://www.basketball-reference.com/players/c/clarkga01.html,12,6-6,225,Orlando Magic,2020
368,James Ennis,SF,https://www.basketball-reference.com/players/e/ennisja01.html,11,6-6,215,Orlando Magic,2020
369,Melvin Frazier,SG,https://www.basketball-reference.com/players/f/frazime01.html,35,6-5,215,Orlando Magic,2020
370,Al-Farouq Aminu,PF,https://www.basketball-reference.com/players/a/aminual01.html,2,6-8,220,Orlando Magic,2020
371,B.J. Johnson,SF,https://www.basketball-reference.com/players/j/johnsbj01.html,13,6-7,200,Orlando Magic,2020
372,Vic Law,SF,https://www.basketball-reference.com/players/l/lawvi01.html,23,6-7,200,Orlando Magic,2020
373,Tobias Harris,PF,https://www.basketball-reference.com/players/h/harrito02.html,12,6-8,226,Philadelphia 76ers,2020
374,Furkan Korkmaz,SG,https://www.basketball-reference.com/players/k/korkmfu01.html,30,6-7,202,Philadelphia 76ers,2020
375,Mike Scott,PF,https://www.basketball-reference.com/players/s/scottmi01.html,1,6-7,237,Philadelphia 76ers,2020
376,Al Horford,C,https://www.basketball-reference.com/players/h/horfoal01.html,42,6-9,240,Philadelphia 76ers,2020
377,Matisse Thybulle,SG,https://www.basketball-reference.com/players/t/thybuma01.html,22,6-5,201,Philadelphia 76ers,2020
378,Ben Simmons,PG,https://www.basketball-reference.com/players/s/simmobe01.html,25,6-10,240,Philadelphia 76ers,2020
379,Josh Richardson,SG,https://www.basketball-reference.com/players/r/richajo01.html,0,6-5,200,Philadelphia 76ers,2020
380,Raul Neto,PG,https://www.basketball-reference.com/players/n/netora01.html,19,6-1,180,Philadelphia 76ers,2020
381,Joel Embiid,C,https://www.basketball-reference.com/players/e/embiijo01.html,21,7-0,280,Philadelphia 76ers,2020
382,Shake Milton,SG,https://www.basketball-reference.com/players/m/miltosh01.html,18,6-5,205,Philadelphia 76ers,2020
383,Kyle O'Quinn,C,https://www.basketball-reference.com/players/o/oquinky01.html,9,6-9,250,Philadelphia 76ers,2020
384,Norvel Pelle,C,https://www.basketball-reference.com/players/p/pelleno01.html,14,6-10,231,Philadelphia 76ers,2020
385,Alec Burks,SG,https://www.basketball-reference.com/players/b/burksal01.html,20,6-6,214,Philadelphia 76ers,2020
386,Glenn Robinson III,SF,https://www.basketball-reference.com/players/r/robingl02.html,40,6-6,222,Philadelphia 76ers,2020
387,Zhaire Smith,SG,https://www.basketball-reference.com/players/s/smithzh01.html,5,6-3,205,Philadelphia 76ers,2020
388,Marial Shayok,SG,https://www.basketball-reference.com/players/s/shayoma01.html,35,6-5,198,Philadelphia 76ers,2020
389,Ryan Broekhoff,F,https://www.basketball-reference.com/players/b/broekry01.html,,6-6,215,Philadelphia 76ers,2020
390,Mikal Bridges,SF,https://www.basketball-reference.com/players/b/bridgmi01.html,25,6-6,209,Phoenix Suns,2020
391,Devin Booker,SG,https://www.basketball-reference.com/players/b/bookede01.html,1,6-5,206,Phoenix Suns,2020
392,Dario Saric,PF,https://www.basketball-reference.com/players/s/saricda01.html,20,6-10,225,Phoenix Suns,2020
393,Ricky Rubio,PG,https://www.basketball-reference.com/players/r/rubiori01.html,11,6-3,190,Phoenix Suns,2020
394,Jevon Carter,PG,https://www.basketball-reference.com/players/c/carteje01.html,4,6-1,200,Phoenix Suns,2020
395,Cameron Johnson,PF,https://www.basketball-reference.com/players/j/johnsca02.html,23,6-8,210,Phoenix Suns,2020
396,Kelly Oubre Jr.,SF,https://www.basketball-reference.com/players/o/oubreke01.html,3,6-7,203,Phoenix Suns,2020
397,Elie Okobo,PG,https://www.basketball-reference.com/players/o/okoboel01.html,2,6-3,190,Phoenix Suns,2020
398,Cheick Diallo,C,https://www.basketball-reference.com/players/d/diallch01.html,14,6-8,219,Phoenix Suns,2020
399,Aron Baynes,C,https://www.basketball-reference.com/players/b/baynear01.html,46,6-10,260,Phoenix Suns,2020
400,Frank Kaminsky,C,https://www.basketball-reference.com/players/k/kaminfr01.html,8,7-0,240,Phoenix Suns,2020
401,Deandre Ayton,C,https://www.basketball-reference.com/players/a/aytonde01.html,22,6-11,250,Phoenix Suns,2020
402,Ty Jerome,PG,https://www.basketball-reference.com/players/j/jeromty01.html,10,6-5,195,Phoenix Suns,2020
403,Cameron Payne,PG,https://www.basketball-reference.com/players/p/payneca01.html,15,6-3,190,Phoenix Suns,2020
404,Jalen Lecque,PG,https://www.basketball-reference.com/players/l/lecquja01.html,0,6-3,185,Phoenix Suns,2020
405,Tariq Owens,PF,https://www.basketball-reference.com/players/o/owensta01.html,41,6-10,205,Phoenix Suns,2020
406,CJ McCollum,SG,https://www.basketball-reference.com/players/m/mccolcj01.html,3,6-3,190,Portland Trail Blazers,2020
407,Anfernee Simons,SG,https://www.basketball-reference.com/players/s/simonan01.html,1,6-3,181,Portland Trail Blazers,2020
408,Hassan Whiteside,C,https://www.basketball-reference.com/players/w/whiteha01.html,21,7-0,265,Portland Trail Blazers,2020
409,Damian Lillard,PG,https://www.basketball-reference.com/players/l/lillada01.html,0,6-2,195,Portland Trail Blazers,2020
410,Gary Trent Jr.,SG,https://www.basketball-reference.com/players/t/trentga02.html,2,6-5,209,Portland Trail Blazers,2020
411,Carmelo Anthony,PF,https://www.basketball-reference.com/players/a/anthoca01.html,00,6-8,238,Portland Trail Blazers,2020
412,Mario Hezonja,PF,https://www.basketball-reference.com/players/h/hezonma01.html,44,6-8,220,Portland Trail Blazers,2020
413,Nassir Little,PF,https://www.basketball-reference.com/players/l/littlna01.html,9,6-5,220,Portland Trail Blazers,2020
414,Trevor Ariza,SF,https://www.basketball-reference.com/players/a/arizatr01.html,8,6-8,215,Portland Trail Blazers,2020
415,Rodney Hood,SF,https://www.basketball-reference.com/players/h/hoodro01.html,5,6-8,208,Portland Trail Blazers,2020
416,Caleb Swanigan,PF,https://www.basketball-reference.com/players/s/swanica01.html,50,6-9,260,Portland Trail Blazers,2020
417,Wenyen Gabriel,PF,https://www.basketball-reference.com/players/g/gabriwe01.html,35,6-9,200,Portland Trail Blazers,2020
418,Jaylen Hoard,SF,https://www.basketball-reference.com/players/h/hoardja01.html,6,6-8,216,Portland Trail Blazers,2020
419,Zach Collins,PF,https://www.basketball-reference.com/players/c/colliza01.html,33,6-11,250,Portland Trail Blazers,2020
420,Moses Brown,C,https://www.basketball-reference.com/players/b/brownmo01.html,4,7-2,245,Portland Trail Blazers,2020
421,Jusuf Nurkic,C,https://www.basketball-reference.com/players/n/nurkiju01.html,27,7-0,290,Portland Trail Blazers,2020
422,Jaylen Adams,PG,https://www.basketball-reference.com/players/a/adamsja01.html,10,6-2,190,Portland Trail Blazers,2020
423,Buddy Hield,SG,https://www.basketball-reference.com/players/h/hieldbu01.html,24,6-4,220,Sacramento Kings,2020
424,Harrison Barnes,PF,https://www.basketball-reference.com/players/b/barneha02.html,40,6-8,225,Sacramento Kings,2020
425,Nemanja Bjelica,PF,https://www.basketball-reference.com/players/b/bjeline01.html,88,6-10,234,Sacramento Kings,2020
426,Cory Joseph,PG,https://www.basketball-reference.com/players/j/josepco01.html,9,6-3,200,Sacramento Kings,2020
427,Bogdan Bogdanovic,SG,https://www.basketball-reference.com/players/b/bogdabo01.html,8,6-6,220,Sacramento Kings,2020
428,De'Aaron Fox,PG,https://www.basketball-reference.com/players/f/foxde01.html,5,6-3,185,Sacramento Kings,2020
429,Yogi Ferrell,PG,https://www.basketball-reference.com/players/f/ferreyo01.html,3,6-0,178,Sacramento Kings,2020
430,Harry Giles,PF,https://www.basketball-reference.com/players/g/gilesha01.html,20,6-11,240,Sacramento Kings,2020
431,Richaun Holmes,C,https://www.basketball-reference.com/players/h/holmeri01.html,22,6-10,235,Sacramento Kings,2020
432,Justin James,SG,https://www.basketball-reference.com/players/j/jamesju01.html,10,6-7,190,Sacramento Kings,2020
433,Kent Bazemore,SG,https://www.basketball-reference.com/players/b/bazemke01.html,26,6-4,195,Sacramento Kings,2020
434,Alex Len,C,https://www.basketball-reference.com/players/l/lenal01.html,25,7-0,250,Sacramento Kings,2020
435,Marvin Bagley III,PF,https://www.basketball-reference.com/players/b/baglema01.html,35,6-11,235,Sacramento Kings,2020
436,DaQuan Jeffries,SG,https://www.basketball-reference.com/players/j/jeffrda01.html,19,6-5,230,Sacramento Kings,2020
437,Jabari Parker,PF,https://www.basketball-reference.com/players/p/parkeja01.html,33,6-8,245,Sacramento Kings,2020
438,Corey Brewer,SG,https://www.basketball-reference.com/players/b/breweco01.html,13,6-9,186,Sacramento Kings,2020
439,Kyle Guy,SG,https://www.basketball-reference.com/players/g/guyky01.html,7,6-1,167,Sacramento Kings,2020
440,DeMar DeRozan,SF,https://www.basketball-reference.com/players/d/derozde01.html,10,6-6,220,San Antonio Spurs,2020
441,Derrick White,SG,https://www.basketball-reference.com/players/w/whitede01.html,4,6-4,190,San Antonio Spurs,2020
442,Rudy Gay,PF,https://www.basketball-reference.com/players/g/gayru01.html,22,6-8,250,San Antonio Spurs,2020
443,Patty Mills,PG,https://www.basketball-reference.com/players/m/millspa02.html,8,6-1,180,San Antonio Spurs,2020
444,Dejounte Murray,PG,https://www.basketball-reference.com/players/m/murrade01.html,5,6-4,180,San Antonio Spurs,2020
445,Jakob Poeltl,C,https://www.basketball-reference.com/players/p/poeltja01.html,25,7-1,245,San Antonio Spurs,2020
446,Bryn Forbes,SG,https://www.basketball-reference.com/players/f/forbebr01.html,11,6-2,205,San Antonio Spurs,2020
447,Trey Lyles,PF,https://www.basketball-reference.com/players/l/lylestr01.html,41,6-9,234,San Antonio Spurs,2020
448,Lonnie Walker,SG,https://www.basketball-reference.com/players/w/walkelo01.html,1,6-5,204,San Antonio Spurs,2020
449,Marco Belinelli,SG,https://www.basketball-reference.com/players/b/belinma01.html,18,6-5,220,San Antonio Spurs,2020
450,LaMarcus Aldridge,C,https://www.basketball-reference.com/players/a/aldrila01.html,12,6-11,250,San Antonio Spurs,2020
451,Drew Eubanks,PF,https://www.basketball-reference.com/players/e/eubandr01.html,14,6-9,245,San Antonio Spurs,2020
452,Chimezie Metu,PF,https://www.basketball-reference.com/players/m/metuch01.html,7,6-9,225,San Antonio Spurs,2020
453,Keldon Johnson,SF,https://www.basketball-reference.com/players/j/johnske04.html,3,6-5,220,San Antonio Spurs,2020
454,Quinndary Weatherspoon,SG,https://www.basketball-reference.com/players/w/weathqu01.html,15,6-3,205,San Antonio Spurs,2020
455,Luka Samanic,PF,https://www.basketball-reference.com/players/s/samanlu01.html,19,6-10,227,San Antonio Spurs,2020
456,Tyler Zeller,C,https://www.basketball-reference.com/players/z/zellety01.html,40,7-0,253,San Antonio Spurs,2020
457,Terence Davis,SG,https://www.basketball-reference.com/players/d/daviste02.html,0,6-4,201,Toronto Raptors,2020
458,OG Anunoby,SF,https://www.basketball-reference.com/players/a/anunoog01.html,3,6-7,232,Toronto Raptors,2020
459,Chris Boucher,PF,https://www.basketball-reference.com/players/b/bouchch01.html,25,6-9,200,Toronto Raptors,2020
460,Pascal Siakam,PF,https://www.basketball-reference.com/players/s/siakapa01.html,43,6-9,230,Toronto Raptors,2020
461,Rondae Hollis-Jefferson,SF,https://www.basketball-reference.com/players/h/holliro01.html,4,6-6,217,Toronto Raptors,2020
462,Kyle Lowry,PG,https://www.basketball-reference.com/players/l/lowryky01.html,7,6-0,196,Toronto Raptors,2020
463,Serge Ibaka,C,https://www.basketball-reference.com/players/i/ibakase01.html,9,7-0,235,Toronto Raptors,2020
464,Fred VanVleet,PG,https://www.basketball-reference.com/players/v/vanvlfr01.html,23,6-1,197,Toronto Raptors,2020
465,Norman Powell,SG,https://www.basketball-reference.com/players/p/powelno01.html,24,6-3,215,Toronto Raptors,2020
466,Marc Gasol,C,https://www.basketball-reference.com/players/g/gasolma01.html,33,6-11,255,Toronto Raptors,2020
467,Matt Thomas,SG,https://www.basketball-reference.com/players/t/thomama02.html,21,6-4,190,Toronto Raptors,2020
468,Patrick McCaw,SF,https://www.basketball-reference.com/players/m/mccawpa01.html,22,6-7,181,Toronto Raptors,2020
469,Malcolm Miller,SF,https://www.basketball-reference.com/players/m/millema01.html,13,6-7,210,Toronto Raptors,2020
470,Stanley Johnson,PF,https://www.basketball-reference.com/players/j/johnsst04.html,5,6-6,242,Toronto Raptors,2020
471,Oshae Brissett,SF,https://www.basketball-reference.com/players/b/brissos01.html,12,6-7,210,Toronto Raptors,2020
472,Paul Watson,SF,https://www.basketball-reference.com/players/w/watsopa01.html,1,6-7,215,Toronto Raptors,2020
473,Dewan Hernandez,C,https://www.basketball-reference.com/players/h/hernade01.html,20,6-10,235,Toronto Raptors,2020
474,Joe Ingles,SF,https://www.basketball-reference.com/players/i/inglejo01.html,2,6-7,220,Utah Jazz,2020
475,Royce O'Neale,PF,https://www.basketball-reference.com/players/o/onealro01.html,23,6-4,226,Utah Jazz,2020
476,Donovan Mitchell,SG,https://www.basketball-reference.com/players/m/mitchdo01.html,45,6-1,215,Utah Jazz,2020
477,Rudy Gobert,C,https://www.basketball-reference.com/players/g/goberru01.html,27,7-1,258,Utah Jazz,2020
478,Georges Niang,PF,https://www.basketball-reference.com/players/n/niangge01.html,31,6-7,230,Utah Jazz,2020
479,Bojan Bogdanovic,SF,https://www.basketball-reference.com/players/b/bogdabo02.html,44,6-8,226,Utah Jazz,2020
480,Tony Bradley,C,https://www.basketball-reference.com/players/b/bradlto01.html,13,6-10,248,Utah Jazz,2020
481,Emmanuel Mudiay,PG,https://www.basketball-reference.com/players/m/mudiaem01.html,8-15,6-3,200,Utah Jazz,2020
482,Mike Conley,PG,https://www.basketball-reference.com/players/c/conlemi01.html,10,6-1,175,Utah Jazz,2020
483,Jordan Clarkson,SG,https://www.basketball-reference.com/players/c/clarkjo01.html,00,6-4,194,Utah Jazz,2020
484,Ed Davis,C,https://www.basketball-reference.com/players/d/davised01.html,17,6-9,218,Utah Jazz,2020
485,Juwan Morgan,PF,https://www.basketball-reference.com/players/m/morgaju01.html,16,6-8,232,Utah Jazz,2020
486,Rayjon Tucker,SG,https://www.basketball-reference.com/players/t/tuckera01.html,6,6-5,210,Utah Jazz,2020
487,Miye Oni,SG,https://www.basketball-reference.com/players/o/onimi01.html,24-81,6-5,206,Utah Jazz,2020
488,Nigel Williams-Goss,PG,https://www.basketball-reference.com/players/w/willini01.html,0,6-2,190,Utah Jazz,2020
489,Jarrell Brantley,PF,https://www.basketball-reference.com/players/b/brantja01.html,5,6-5,250,Utah Jazz,2020
490,Justin Wright-Foreman,PG,https://www.basketball-reference.com/players/w/wrighju02.html,3,6-0,190,Utah Jazz,2020
491,Troy Brown Jr.,SG,https://www.basketball-reference.com/players/b/browntr01.html,6,6-6,215,Washington Wizards,2020
492,Ish Smith,PG,https://www.basketball-reference.com/players/s/smithis01.html,14,6-0,175,Washington Wizards,2020
493,Isaac Bonga,SF,https://www.basketball-reference.com/players/b/bongais01.html,17,6-8,180,Washington Wizards,2020
494,Bradley Beal,SG,https://www.basketball-reference.com/players/b/bealbr01.html,3,6-3,207,Washington Wizards,2020
495,Davis Bertans,PF,https://www.basketball-reference.com/players/b/bertada01.html,42,6-10,225,Washington Wizards,2020
496,Rui Hachimura,PF,https://www.basketball-reference.com/players/h/hachiru01.html,8,6-8,230,Washington Wizards,2020
497,Thomas Bryant,C,https://www.basketball-reference.com/players/b/bryanth01.html,13,6-10,248,Washington Wizards,2020
498,Moritz Wagner,C,https://www.basketball-reference.com/players/w/wagnemo01.html,21,6-11,245,Washington Wizards,2020
499,Ian Mahinmi,C,https://www.basketball-reference.com/players/m/mahinia01.html,28,6-11,262,Washington Wizards,2020
500,Admiral Schofield,SF,https://www.basketball-reference.com/players/s/schofad01.html,1,6-5,241,Washington Wizards,2020
501,Gary Payton II,PG,https://www.basketball-reference.com/players/p/paytoga02.html,20,6-3,190,Washington Wizards,2020
502,Anzejs Pasecniks,C,https://www.basketball-reference.com/players/p/pasecan01.html,18,7-1,229,Washington Wizards,2020
503,Jerome Robinson,SG,https://www.basketball-reference.com/players/r/robinje01.html,12,6-4,190,Washington Wizards,2020
504,Shabazz Napier,PG,https://www.basketball-reference.com/players/n/napiesh01.html,5,6-0,175,Washington Wizards,2020
505,Garrison Mathews,SG,https://www.basketball-reference.com/players/m/mathega01.html,24,6-5,215,Washington Wizards,2020
506,Johnathan Williams,C,https://www.basketball-reference.com/players/w/willijo04.html,19,6-9,228,Washington Wizards,2020
507,Jerian Grant,PG,https://www.basketball-reference.com/players/g/grantje02.html,22,6-4,205,Washington Wizards,2020
508,Jarrod Uthoff,SF,https://www.basketball-reference.com/players/u/uthofja01.html,7,6-9,221,Washington Wizards,2020
509,John Wall,G,https://www.basketball-reference.com/players/w/walljo01.html,,6-4,210,Washington Wizards,2020
