,Unnamed: 0_x,Team,Name,Opponent,Win/Loss,Date,MP,FG,FGA,FG%,3P,3PA,3P%,FT,FTA,FT%,ORB,DRB,TRB,AST,STL,BLK,TOV,PF,PTS,+/-,Year,Unnamed: 0_y,Position,player_url,number,height,weight,team,GameType
55,55,Brooklyn Nets,Taurean Waller-Prince,Minnesota Timberwolves,L,10/23/2019,41:14,6,13,0.462,2,5,0.4,1,2,0.5,3,8,11,2,2,1,0,2,15,19,2020,,,,,,,,regular season
56,56,Brooklyn Nets,Joe Harris,Minnesota Timberwolves,L,10/23/2019,39:18,5,9,0.556,4,6,0.667,0,0,,0,4,4,2,0,1,2,3,14,1,2020,34.0,SF,https://www.basketball-reference.com/players/h/harrijo01.html,12,6-6,220.0,Brooklyn Nets,regular season
57,57,Brooklyn Nets,Kyrie Irving,Minnesota Timberwolves,L,10/23/2019,38:10,17,33,0.515,7,14,0.5,9,10,0.9,2,6,8,7,0,1,0,4,50,18,2020,44.0,PG,https://www.basketball-reference.com/players/i/irvinky01.html,11,6-2,195.0,Brooklyn Nets,regular season
58,58,Brooklyn Nets,Caris LeVert,Minnesota Timberwolves,L,10/23/2019,37:18,9,19,0.474,1,4,0.25,1,4,0.25,0,5,5,4,3,0,5,3,20,9,2020,41.0,SG,https://www.basketball-reference.com/players/l/leverca01.html,22,6-6,205.0,Brooklyn Nets,regular season
59,59,Brooklyn Nets,Jarrett Allen,Minnesota Timberwolves,L,10/23/2019,36:22,3,6,0.5,0,0,,0,4,0.0,3,6,9,1,1,5,0,4,6,11,2020,33.0,C,https://www.basketball-reference.com/players/a/allenja01.html,31,6-11,243.0,Brooklyn Nets,regular season
185,185,Brooklyn Nets,Taurean Waller-Prince,New York Knicks,W,10/25/2019,32:54,3,10,0.3,3,7,0.429,2,4,0.5,0,6,6,0,0,1,3,1,11,-1,2020,,,,,,,,regular season
186,186,Brooklyn Nets,Joe Harris,New York Knicks,W,10/25/2019,31:24,5,8,0.625,3,5,0.6,0,0,,1,3,4,1,1,0,2,4,13,2,2020,34.0,SF,https://www.basketball-reference.com/players/h/harrijo01.html,12,6-6,220.0,Brooklyn Nets,regular season
187,187,Brooklyn Nets,Kyrie Irving,New York Knicks,W,10/25/2019,31:13,8,19,0.42100000000000004,2,8,0.25,8,8,1.0,1,1,2,5,3,0,4,5,26,0,2020,44.0,PG,https://www.basketball-reference.com/players/i/irvinky01.html,11,6-2,195.0,Brooklyn Nets,regular season
188,188,Brooklyn Nets,Jarrett Allen,New York Knicks,W,10/25/2019,25:12,2,6,0.33299999999999996,0,0,,0,0,,3,8,11,2,1,0,2,2,4,-5,2020,33.0,C,https://www.basketball-reference.com/players/a/allenja01.html,31,6-11,243.0,Brooklyn Nets,regular season
189,189,Brooklyn Nets,Caris LeVert,New York Knicks,W,10/25/2019,24:14,4,7,0.5710000000000001,1,4,0.25,3,4,0.75,0,2,2,4,2,0,6,5,12,6,2020,41.0,SG,https://www.basketball-reference.com/players/l/leverca01.html,22,6-6,205.0,Brooklyn Nets,regular season
360,360,Brooklyn Nets,Caris LeVert,Memphis Grizzlies,L,10/27/2019,38:57,11,22,0.5,3,7,0.429,2,3,0.667,0,4,4,5,0,0,2,0,27,-8,2020,41.0,SG,https://www.basketball-reference.com/players/l/leverca01.html,22,6-6,205.0,Brooklyn Nets,regular season
361,361,Brooklyn Nets,Joe Harris,Memphis Grizzlies,L,10/27/2019,36:55,5,13,0.385,3,8,0.375,0,0,,1,1,2,2,1,0,2,3,13,3,2020,34.0,SF,https://www.basketball-reference.com/players/h/harrijo01.html,12,6-6,220.0,Brooklyn Nets,regular season
362,362,Brooklyn Nets,Kyrie Irving,Memphis Grizzlies,L,10/27/2019,34:20,11,27,0.40700000000000003,5,12,0.41700000000000004,10,11,0.909,1,6,7,7,2,1,2,1,37,6,2020,44.0,PG,https://www.basketball-reference.com/players/i/irvinky01.html,11,6-2,195.0,Brooklyn Nets,regular season
363,363,Brooklyn Nets,Taurean Waller-Prince,Memphis Grizzlies,L,10/27/2019,30:26,4,10,0.4,2,7,0.28600000000000003,2,2,1.0,1,5,6,2,0,0,4,3,12,11,2020,,,,,,,,regular season
364,364,Brooklyn Nets,DeAndre Jordan,Memphis Grizzlies,L,10/27/2019,23:26,3,3,1.0,0,0,,0,2,0.0,1,11,12,1,0,2,1,1,6,-5,2020,38.0,C,https://www.basketball-reference.com/players/j/jordade01.html,6,6-11,265.0,Brooklyn Nets,regular season
575,575,Brooklyn Nets,Caris LeVert,Indiana Pacers,L,10/30/2019,32:58,6,18,0.33299999999999996,2,4,0.5,1,2,0.5,5,1,6,3,0,0,4,1,15,-9,2020,41.0,SG,https://www.basketball-reference.com/players/l/leverca01.html,22,6-6,205.0,Brooklyn Nets,regular season
576,576,Brooklyn Nets,Kyrie Irving,Indiana Pacers,L,10/30/2019,30:58,11,20,0.55,2,6,0.33299999999999996,4,5,0.8,0,7,7,6,1,1,1,1,28,-15,2020,44.0,PG,https://www.basketball-reference.com/players/i/irvinky01.html,11,6-2,195.0,Brooklyn Nets,regular season
577,577,Brooklyn Nets,Joe Harris,Indiana Pacers,L,10/30/2019,29:56,5,9,0.556,3,6,0.5,0,1,0.0,1,1,2,0,0,0,3,1,13,-8,2020,34.0,SF,https://www.basketball-reference.com/players/h/harrijo01.html,12,6-6,220.0,Brooklyn Nets,regular season
578,578,Brooklyn Nets,Taurean Waller-Prince,Indiana Pacers,L,10/30/2019,27:11,3,10,0.3,2,8,0.25,0,0,,0,2,2,2,2,1,2,4,8,-10,2020,,,,,,,,regular season
579,579,Brooklyn Nets,DeAndre Jordan,Indiana Pacers,L,10/30/2019,22:36,3,7,0.429,0,0,,2,4,0.5,7,10,17,0,0,1,1,3,8,-5,2020,38.0,C,https://www.basketball-reference.com/players/j/jordade01.html,6,6-11,265.0,Brooklyn Nets,regular season
735,735,Brooklyn Nets,Kyrie Irving,Houston Rockets,W,11/01/2019,34:29,7,18,0.389,5,8,0.625,3,4,0.75,0,4,4,10,0,1,6,3,22,10,2020,44.0,PG,https://www.basketball-reference.com/players/i/irvinky01.html,11,6-2,195.0,Brooklyn Nets,regular season
736,736,Brooklyn Nets,Taurean Waller-Prince,Houston Rockets,W,11/01/2019,34:25,9,17,0.529,6,10,0.6,3,4,0.75,1,11,12,1,1,1,1,3,27,18,2020,,,,,,,,regular season
737,737,Brooklyn Nets,Joe Harris,Houston Rockets,W,11/01/2019,34:01,5,9,0.556,3,4,0.75,2,2,1.0,2,7,9,2,3,0,1,2,15,12,2020,34.0,SF,https://www.basketball-reference.com/players/h/harrijo01.html,12,6-6,220.0,Brooklyn Nets,regular season
738,738,Brooklyn Nets,Caris LeVert,Houston Rockets,W,11/01/2019,32:13,8,15,0.5329999999999999,1,2,0.5,8,9,0.889,1,3,4,4,1,0,5,4,25,18,2020,41.0,SG,https://www.basketball-reference.com/players/l/leverca01.html,22,6-6,205.0,Brooklyn Nets,regular season
739,739,Brooklyn Nets,Jarrett Allen,Houston Rockets,W,11/01/2019,31:02,3,3,1.0,0,0,,1,4,0.25,2,8,10,1,0,2,2,1,7,29,2020,33.0,C,https://www.basketball-reference.com/players/a/allenja01.html,31,6-11,243.0,Brooklyn Nets,regular season
820,820,Brooklyn Nets,Kyrie Irving,Detroit Pistons,L,11/02/2019,33:11,8,21,0.381,0,6,0.0,4,4,1.0,1,10,11,10,0,0,2,3,20,1,2020,44.0,PG,https://www.basketball-reference.com/players/i/irvinky01.html,11,6-2,195.0,Brooklyn Nets,regular season
821,821,Brooklyn Nets,Taurean Waller-Prince,Detroit Pistons,L,11/02/2019,33:03,7,12,0.583,5,8,0.625,1,2,0.5,0,1,1,1,1,0,2,3,20,-6,2020,,,,,,,,regular season
822,822,Brooklyn Nets,Joe Harris,Detroit Pistons,L,11/02/2019,30:41,7,10,0.7,4,6,0.667,0,0,,0,2,2,2,0,0,1,4,18,-5,2020,34.0,SF,https://www.basketball-reference.com/players/h/harrijo01.html,12,6-6,220.0,Brooklyn Nets,regular season
823,823,Brooklyn Nets,DeAndre Jordan,Detroit Pistons,L,11/02/2019,29:58,5,8,0.625,0,0,,0,0,,1,9,10,3,1,4,2,3,10,-8,2020,38.0,C,https://www.basketball-reference.com/players/j/jordade01.html,6,6-11,265.0,Brooklyn Nets,regular season
824,824,Brooklyn Nets,Caris LeVert,Detroit Pistons,L,11/02/2019,27:39,6,17,0.353,0,3,0.0,2,3,0.667,2,4,6,1,0,0,1,1,14,-8,2020,41.0,SG,https://www.basketball-reference.com/players/l/leverca01.html,22,6-6,205.0,Brooklyn Nets,regular season
965,965,Brooklyn Nets,Taurean Waller-Prince,New Orleans Pelicans,W,11/04/2019,37:48,4,12,0.33299999999999996,2,9,0.222,2,2,1.0,2,9,11,4,4,0,3,4,12,11,2020,,,,,,,,regular season
966,966,Brooklyn Nets,Caris LeVert,New Orleans Pelicans,W,11/04/2019,35:08,9,19,0.474,4,8,0.5,1,3,0.33299999999999996,2,5,7,5,0,0,3,2,23,14,2020,41.0,SG,https://www.basketball-reference.com/players/l/leverca01.html,22,6-6,205.0,Brooklyn Nets,regular season
967,967,Brooklyn Nets,Kyrie Irving,New Orleans Pelicans,W,11/04/2019,34:33,13,21,0.619,2,6,0.33299999999999996,11,11,1.0,1,3,4,9,3,0,5,2,39,11,2020,44.0,PG,https://www.basketball-reference.com/players/i/irvinky01.html,11,6-2,195.0,Brooklyn Nets,regular season
968,968,Brooklyn Nets,Joe Harris,New Orleans Pelicans,W,11/04/2019,32:47,7,14,0.5,4,9,0.444,1,2,0.5,2,1,3,4,1,0,2,3,19,-4,2020,34.0,SF,https://www.basketball-reference.com/players/h/harrijo01.html,12,6-6,220.0,Brooklyn Nets,regular season
969,969,Brooklyn Nets,Jarrett Allen,New Orleans Pelicans,W,11/04/2019,30:03,7,8,0.875,0,0,,4,7,0.5710000000000001,4,6,10,1,1,0,3,3,18,12,2020,33.0,C,https://www.basketball-reference.com/players/a/allenja01.html,31,6-11,243.0,Brooklyn Nets,regular season
1290,1290,Brooklyn Nets,Kyrie Irving,Portland Trail Blazers,W,11/08/2019,38:31,12,27,0.444,4,8,0.5,5,5,1.0,1,2,3,6,1,1,1,3,33,-7,2020,44.0,PG,https://www.basketball-reference.com/players/i/irvinky01.html,11,6-2,195.0,Brooklyn Nets,regular season
1291,1291,Brooklyn Nets,Jarrett Allen,Portland Trail Blazers,W,11/08/2019,35:46,4,8,0.5,0,0,,4,8,0.5,3,6,9,1,1,5,0,2,12,0,2020,33.0,C,https://www.basketball-reference.com/players/a/allenja01.html,31,6-11,243.0,Brooklyn Nets,regular season
1292,1292,Brooklyn Nets,Joe Harris,Portland Trail Blazers,W,11/08/2019,30:39,5,12,0.41700000000000004,2,4,0.5,2,2,1.0,3,2,5,1,0,1,0,2,14,-1,2020,34.0,SF,https://www.basketball-reference.com/players/h/harrijo01.html,12,6-6,220.0,Brooklyn Nets,regular season
1293,1293,Brooklyn Nets,Caris LeVert,Portland Trail Blazers,W,11/08/2019,29:14,2,13,0.154,1,4,0.25,2,3,0.667,0,9,9,5,0,1,3,4,7,0,2020,41.0,SG,https://www.basketball-reference.com/players/l/leverca01.html,22,6-6,205.0,Brooklyn Nets,regular season
1294,1294,Brooklyn Nets,Taurean Waller-Prince,Portland Trail Blazers,W,11/08/2019,21:19,1,6,0.16699999999999998,1,3,0.33299999999999996,0,0,,2,5,7,0,1,0,2,5,3,-10,2020,,,,,,,,regular season
1410,1410,Brooklyn Nets,Caris LeVert,Phoenix Suns,L,11/10/2019,26:16,4,10,0.4,0,0,,0,0,,0,2,2,5,0,0,2,0,8,-15,2020,41.0,SG,https://www.basketball-reference.com/players/l/leverca01.html,22,6-6,205.0,Brooklyn Nets,regular season
1411,1411,Brooklyn Nets,Kyrie Irving,Phoenix Suns,L,11/10/2019,25:07,7,16,0.43799999999999994,1,6,0.16699999999999998,0,0,,1,3,4,5,0,0,1,2,15,-31,2020,44.0,PG,https://www.basketball-reference.com/players/i/irvinky01.html,11,6-2,195.0,Brooklyn Nets,regular season
1412,1412,Brooklyn Nets,Joe Harris,Phoenix Suns,L,11/10/2019,21:49,2,6,0.33299999999999996,0,4,0.0,0,0,,1,3,4,1,1,0,3,1,4,-35,2020,34.0,SF,https://www.basketball-reference.com/players/h/harrijo01.html,12,6-6,220.0,Brooklyn Nets,regular season
1413,1413,Brooklyn Nets,Taurean Waller-Prince,Phoenix Suns,L,11/10/2019,16:45,3,5,0.6,2,3,0.667,0,0,,0,1,1,0,0,0,1,1,8,-20,2020,,,,,,,,regular season
1414,1414,Brooklyn Nets,Jarrett Allen,Phoenix Suns,L,11/10/2019,11:55,1,2,0.5,0,0,,3,4,0.75,1,1,2,0,0,0,4,5,5,-20,2020,33.0,C,https://www.basketball-reference.com/players/a/allenja01.html,31,6-11,243.0,Brooklyn Nets,regular season
1560,1560,Brooklyn Nets,Kyrie Irving,Utah Jazz,L,11/12/2019,36:41,10,30,0.33299999999999996,2,12,0.16699999999999998,5,5,1.0,1,2,3,5,1,1,4,4,27,7,2020,44.0,PG,https://www.basketball-reference.com/players/i/irvinky01.html,11,6-2,195.0,Brooklyn Nets,regular season
1561,1561,Brooklyn Nets,Joe Harris,Utah Jazz,L,11/12/2019,35:36,4,10,0.4,2,5,0.4,1,2,0.5,0,5,5,0,0,0,2,5,11,-22,2020,34.0,SF,https://www.basketball-reference.com/players/h/harrijo01.html,12,6-6,220.0,Brooklyn Nets,regular season
1562,1562,Brooklyn Nets,Taurean Waller-Prince,Utah Jazz,L,11/12/2019,33:45,6,9,0.667,3,5,0.6,0,0,,1,5,6,0,1,0,2,2,15,-1,2020,,,,,,,,regular season
1563,1563,Brooklyn Nets,Garrett Temple,Utah Jazz,L,11/12/2019,29:43,3,8,0.375,1,6,0.16699999999999998,3,3,1.0,1,0,1,2,0,1,1,2,10,-1,2020,37.0,SG,https://www.basketball-reference.com/players/t/templga01.html,17,6-5,195.0,Brooklyn Nets,regular season
1564,1564,Brooklyn Nets,Jarrett Allen,Utah Jazz,L,11/12/2019,17:34,1,2,0.5,0,0,,2,2,1.0,2,5,7,1,0,2,2,6,4,-14,2020,33.0,C,https://www.basketball-reference.com/players/a/allenja01.html,31,6-11,243.0,Brooklyn Nets,regular season
1700,1700,Brooklyn Nets,Kyrie Irving,Denver Nuggets,L,11/14/2019,34:43,8,20,0.4,1,5,0.2,0,0,,1,5,6,9,1,0,0,4,17,-9,2020,44.0,PG,https://www.basketball-reference.com/players/i/irvinky01.html,11,6-2,195.0,Brooklyn Nets,regular season
1701,1701,Brooklyn Nets,Joe Harris,Denver Nuggets,L,11/14/2019,31:23,4,11,0.364,1,4,0.25,0,0,,1,2,3,0,1,0,2,2,9,1,2020,34.0,SF,https://www.basketball-reference.com/players/h/harrijo01.html,12,6-6,220.0,Brooklyn Nets,regular season
1702,1702,Brooklyn Nets,Jarrett Allen,Denver Nuggets,L,11/14/2019,29:51,7,10,0.7,0,1,0.0,3,5,0.6,1,9,10,0,0,1,0,0,17,-6,2020,33.0,C,https://www.basketball-reference.com/players/a/allenja01.html,31,6-11,243.0,Brooklyn Nets,regular season
1703,1703,Brooklyn Nets,Taurean Waller-Prince,Denver Nuggets,L,11/14/2019,27:05,5,15,0.33299999999999996,2,11,0.182,0,0,,0,8,8,2,0,0,1,2,12,-5,2020,,,,,,,,regular season
1704,1704,Brooklyn Nets,Garrett Temple,Denver Nuggets,L,11/14/2019,25:06,2,11,0.182,1,5,0.2,2,2,1.0,2,2,4,0,0,0,1,1,7,-1,2020,37.0,SG,https://www.basketball-reference.com/players/t/templga01.html,17,6-5,195.0,Brooklyn Nets,regular season
1790,1790,Brooklyn Nets,Joe Harris,Chicago Bulls,W,11/16/2019,35:03,8,15,0.5329999999999999,2,8,0.25,4,4,1.0,1,3,4,8,2,0,0,4,22,16,2020,34.0,SF,https://www.basketball-reference.com/players/h/harrijo01.html,12,6-6,220.0,Brooklyn Nets,regular season
1791,1791,Brooklyn Nets,Spencer Dinwiddie,Chicago Bulls,W,11/16/2019,30:13,5,11,0.455,0,4,0.0,14,15,0.9329999999999999,0,1,1,4,1,2,4,5,24,4,2020,35.0,SG,https://www.basketball-reference.com/players/d/dinwisp01.html,8-26,6-5,215.0,Brooklyn Nets,regular season
1792,1792,Brooklyn Nets,Taurean Waller-Prince,Chicago Bulls,W,11/16/2019,27:25,4,13,0.308,2,6,0.33299999999999996,3,4,0.75,0,5,5,2,1,0,2,5,13,4,2020,,,,,,,,regular season
1793,1793,Brooklyn Nets,Garrett Temple,Chicago Bulls,W,11/16/2019,23:47,4,12,0.33299999999999996,2,9,0.222,2,2,1.0,1,2,3,0,1,1,1,5,12,10,2020,37.0,SG,https://www.basketball-reference.com/players/t/templga01.html,17,6-5,195.0,Brooklyn Nets,regular season
1794,1794,Brooklyn Nets,Jarrett Allen,Chicago Bulls,W,11/16/2019,21:43,5,5,1.0,0,0,,1,1,1.0,1,6,7,2,2,2,0,2,11,6,2020,33.0,C,https://www.basketball-reference.com/players/a/allenja01.html,31,6-11,243.0,Brooklyn Nets,regular season
1945,1945,Brooklyn Nets,Spencer Dinwiddie,Indiana Pacers,L,11/18/2019,33:26,9,21,0.429,4,8,0.5,6,7,0.857,0,5,5,8,1,1,3,2,28,-12,2020,35.0,SG,https://www.basketball-reference.com/players/d/dinwisp01.html,8-26,6-5,215.0,Brooklyn Nets,regular season
1946,1946,Brooklyn Nets,Garrett Temple,Indiana Pacers,L,11/18/2019,32:15,4,10,0.4,2,6,0.33299999999999996,0,1,0.0,0,6,6,3,0,2,0,2,10,-10,2020,37.0,SG,https://www.basketball-reference.com/players/t/templga01.html,17,6-5,195.0,Brooklyn Nets,regular season
1947,1947,Brooklyn Nets,Joe Harris,Indiana Pacers,L,11/18/2019,27:29,3,8,0.375,1,5,0.2,0,0,,0,2,2,0,0,1,1,2,7,-11,2020,34.0,SF,https://www.basketball-reference.com/players/h/harrijo01.html,12,6-6,220.0,Brooklyn Nets,regular season
1948,1948,Brooklyn Nets,Jarrett Allen,Indiana Pacers,L,11/18/2019,24:10,4,7,0.5710000000000001,0,0,,2,4,0.5,2,10,12,1,0,1,0,1,10,-8,2020,33.0,C,https://www.basketball-reference.com/players/a/allenja01.html,31,6-11,243.0,Brooklyn Nets,regular season
1949,1949,Brooklyn Nets,Taurean Waller-Prince,Indiana Pacers,L,11/18/2019,22:33,3,11,0.273,1,3,0.33299999999999996,0,0,,1,3,4,1,0,1,2,2,7,-16,2020,,,,,,,,regular season
2095,2095,Brooklyn Nets,Joe Harris,Charlotte Hornets,W,11/20/2019,37:28,3,12,0.25,2,6,0.33299999999999996,0,0,,1,3,4,3,1,0,2,3,8,21,2020,34.0,SF,https://www.basketball-reference.com/players/h/harrijo01.html,12,6-6,220.0,Brooklyn Nets,regular season
2096,2096,Brooklyn Nets,Spencer Dinwiddie,Charlotte Hornets,W,11/20/2019,36:50,7,18,0.389,2,7,0.28600000000000003,4,4,1.0,0,4,4,8,2,0,2,4,20,17,2020,35.0,SG,https://www.basketball-reference.com/players/d/dinwisp01.html,8-26,6-5,215.0,Brooklyn Nets,regular season
2097,2097,Brooklyn Nets,Taurean Waller-Prince,Charlotte Hornets,W,11/20/2019,32:51,6,15,0.4,4,9,0.444,4,5,0.8,0,8,8,4,1,0,3,2,20,17,2020,,,,,,,,regular season
2098,2098,Brooklyn Nets,Garrett Temple,Charlotte Hornets,W,11/20/2019,30:30,1,7,0.14300000000000002,1,6,0.16699999999999998,1,2,0.5,0,4,4,2,0,1,2,3,4,-3,2020,37.0,SG,https://www.basketball-reference.com/players/t/templga01.html,17,6-5,195.0,Brooklyn Nets,regular season
2099,2099,Brooklyn Nets,Jarrett Allen,Charlotte Hornets,W,11/20/2019,27:34,9,12,0.75,0,0,,4,6,0.667,8,9,17,0,2,0,2,4,22,10,2020,33.0,C,https://www.basketball-reference.com/players/a/allenja01.html,31,6-11,243.0,Brooklyn Nets,regular season
2215,2215,Brooklyn Nets,Garrett Temple,Sacramento Kings,W,11/22/2019,34:33,6,13,0.462,4,9,0.444,2,2,1.0,0,3,3,4,2,0,2,2,18,16,2020,37.0,SG,https://www.basketball-reference.com/players/t/templga01.html,17,6-5,195.0,Brooklyn Nets,regular season
2216,2216,Brooklyn Nets,Joe Harris,Sacramento Kings,W,11/22/2019,28:21,8,11,0.727,5,7,0.7140000000000001,1,3,0.33299999999999996,1,3,4,1,0,2,1,1,22,17,2020,34.0,SF,https://www.basketball-reference.com/players/h/harrijo01.html,12,6-6,220.0,Brooklyn Nets,regular season
2217,2217,Brooklyn Nets,Spencer Dinwiddie,Sacramento Kings,W,11/22/2019,27:41,8,15,0.5329999999999999,0,5,0.0,7,7,1.0,0,1,1,7,2,0,4,3,23,10,2020,35.0,SG,https://www.basketball-reference.com/players/d/dinwisp01.html,8-26,6-5,215.0,Brooklyn Nets,regular season
2218,2218,Brooklyn Nets,Jarrett Allen,Sacramento Kings,W,11/22/2019,25:19,5,6,0.833,0,0,,1,2,0.5,1,8,9,1,1,1,1,2,11,8,2020,33.0,C,https://www.basketball-reference.com/players/a/allenja01.html,31,6-11,243.0,Brooklyn Nets,regular season
2219,2219,Brooklyn Nets,Taurean Waller-Prince,Sacramento Kings,W,11/22/2019,25:13,3,9,0.33299999999999996,2,5,0.4,0,0,,1,2,3,1,0,0,4,1,8,11,2020,,,,,,,,regular season
2400,2400,Brooklyn Nets,Garrett Temple,New York Knicks,W,11/24/2019,35:59,4,9,0.444,4,8,0.5,0,1,0.0,0,0,0,0,2,0,0,2,12,-3,2020,37.0,SG,https://www.basketball-reference.com/players/t/templga01.html,17,6-5,195.0,Brooklyn Nets,regular season
2401,2401,Brooklyn Nets,Spencer Dinwiddie,New York Knicks,W,11/24/2019,35:02,7,17,0.41200000000000003,3,8,0.375,13,14,0.929,0,4,4,4,0,0,0,2,30,8,2020,35.0,SG,https://www.basketball-reference.com/players/d/dinwisp01.html,8-26,6-5,215.0,Brooklyn Nets,regular season
2402,2402,Brooklyn Nets,Taurean Waller-Prince,New York Knicks,W,11/24/2019,34:06,6,14,0.429,2,7,0.28600000000000003,0,0,,1,10,11,5,0,0,2,4,14,6,2020,,,,,,,,regular season
2403,2403,Brooklyn Nets,Jarrett Allen,New York Knicks,W,11/24/2019,31:44,5,9,0.556,0,0,,8,11,0.727,4,6,10,1,1,0,0,2,18,5,2020,33.0,C,https://www.basketball-reference.com/players/a/allenja01.html,31,6-11,243.0,Brooklyn Nets,regular season
2404,2404,Brooklyn Nets,Joe Harris,New York Knicks,W,11/24/2019,29:15,4,13,0.308,3,8,0.375,2,2,1.0,0,1,1,1,0,0,2,3,13,3,2020,34.0,SF,https://www.basketball-reference.com/players/h/harrijo01.html,12,6-6,220.0,Brooklyn Nets,regular season
2440,2440,Brooklyn Nets,Garrett Temple,Cleveland Cavaliers,W,11/25/2019,36:29,3,7,0.429,1,5,0.2,0,0,,0,5,5,3,1,1,2,3,7,-1,2020,37.0,SG,https://www.basketball-reference.com/players/t/templga01.html,17,6-5,195.0,Brooklyn Nets,regular season
2441,2441,Brooklyn Nets,Jarrett Allen,Cleveland Cavaliers,W,11/25/2019,34:17,9,10,0.9,0,0,,4,5,0.8,9,12,21,3,2,2,0,2,22,7,2020,33.0,C,https://www.basketball-reference.com/players/a/allenja01.html,31,6-11,243.0,Brooklyn Nets,regular season
2442,2442,Brooklyn Nets,Spencer Dinwiddie,Cleveland Cavaliers,W,11/25/2019,33:22,10,24,0.41700000000000004,1,5,0.2,2,2,1.0,0,1,1,9,0,3,1,3,23,-1,2020,35.0,SG,https://www.basketball-reference.com/players/d/dinwisp01.html,8-26,6-5,215.0,Brooklyn Nets,regular season
2443,2443,Brooklyn Nets,Taurean Waller-Prince,Cleveland Cavaliers,W,11/25/2019,33:19,7,14,0.5,4,6,0.667,0,0,,1,5,6,4,1,0,2,4,18,9,2020,,,,,,,,regular season
2444,2444,Brooklyn Nets,Joe Harris,Cleveland Cavaliers,W,11/25/2019,32:59,8,17,0.47100000000000003,3,9,0.33299999999999996,0,0,,0,6,6,1,2,0,0,0,19,1,2020,34.0,SF,https://www.basketball-reference.com/players/h/harrijo01.html,12,6-6,220.0,Brooklyn Nets,regular season
2570,2570,Brooklyn Nets,Garrett Temple,Boston Celtics,L,11/27/2019,30:39,8,14,0.5710000000000001,6,12,0.5,0,0,,0,2,2,3,1,1,2,1,22,-3,2020,37.0,SG,https://www.basketball-reference.com/players/t/templga01.html,17,6-5,195.0,Brooklyn Nets,regular season
2571,2571,Brooklyn Nets,Jarrett Allen,Boston Celtics,L,11/27/2019,29:40,6,8,0.75,0,0,,5,12,0.41700000000000004,5,9,14,3,0,1,1,3,17,-7,2020,33.0,C,https://www.basketball-reference.com/players/a/allenja01.html,31,6-11,243.0,Brooklyn Nets,regular season
2572,2572,Brooklyn Nets,Spencer Dinwiddie,Boston Celtics,L,11/27/2019,29:27,5,19,0.263,2,8,0.25,4,5,0.8,0,3,3,11,0,0,1,3,16,-5,2020,35.0,SG,https://www.basketball-reference.com/players/d/dinwisp01.html,8-26,6-5,215.0,Brooklyn Nets,regular season
2573,2573,Brooklyn Nets,Taurean Waller-Prince,Boston Celtics,L,11/27/2019,28:31,4,10,0.4,4,10,0.4,0,0,,0,1,1,1,0,0,3,3,12,-14,2020,,,,,,,,regular season
2574,2574,Brooklyn Nets,Joe Harris,Boston Celtics,L,11/27/2019,26:41,8,13,0.615,5,9,0.556,0,0,,1,4,5,2,0,2,0,4,21,-7,2020,34.0,SF,https://www.basketball-reference.com/players/h/harrijo01.html,12,6-6,220.0,Brooklyn Nets,regular season
2715,2715,Brooklyn Nets,Garrett Temple,Boston Celtics,W,11/29/2019,37:22,4,8,0.5,3,6,0.5,1,2,0.5,0,5,5,7,1,1,1,3,12,0,2020,37.0,SG,https://www.basketball-reference.com/players/t/templga01.html,17,6-5,195.0,Brooklyn Nets,regular season
2716,2716,Brooklyn Nets,Spencer Dinwiddie,Boston Celtics,W,11/29/2019,35:06,10,19,0.526,6,8,0.75,6,6,1.0,0,5,5,11,2,2,4,5,32,11,2020,35.0,SG,https://www.basketball-reference.com/players/d/dinwisp01.html,8-26,6-5,215.0,Brooklyn Nets,regular season
2717,2717,Brooklyn Nets,Joe Harris,Boston Celtics,W,11/29/2019,33:52,5,12,0.41700000000000004,2,7,0.28600000000000003,0,0,,1,5,6,4,2,1,1,4,12,17,2020,34.0,SF,https://www.basketball-reference.com/players/h/harrijo01.html,12,6-6,220.0,Brooklyn Nets,regular season
2718,2718,Brooklyn Nets,Taurean Waller-Prince,Boston Celtics,W,11/29/2019,33:15,6,16,0.375,4,10,0.4,0,0,,2,2,4,1,0,0,2,2,16,12,2020,,,,,,,,regular season
2719,2719,Brooklyn Nets,Jarrett Allen,Boston Celtics,W,11/29/2019,25:18,7,12,0.583,0,0,,0,2,0.0,4,7,11,1,1,1,2,4,14,14,2020,33.0,C,https://www.basketball-reference.com/players/a/allenja01.html,31,6-11,243.0,Brooklyn Nets,regular season
2885,2885,Brooklyn Nets,Spencer Dinwiddie,Miami Heat,L,12/01/2019,34:11,10,21,0.47600000000000003,4,9,0.444,5,5,1.0,0,6,6,4,1,0,4,3,29,4,2020,35.0,SG,https://www.basketball-reference.com/players/d/dinwisp01.html,8-26,6-5,215.0,Brooklyn Nets,regular season
2886,2886,Brooklyn Nets,Garrett Temple,Miami Heat,L,12/01/2019,34:10,3,12,0.25,1,8,0.125,0,0,,1,5,6,5,0,0,1,2,7,-19,2020,37.0,SG,https://www.basketball-reference.com/players/t/templga01.html,17,6-5,195.0,Brooklyn Nets,regular season
2887,2887,Brooklyn Nets,Taurean Waller-Prince,Miami Heat,L,12/01/2019,31:34,3,14,0.214,2,9,0.222,1,2,0.5,2,5,7,5,1,3,3,3,9,-1,2020,,,,,,,,regular season
2888,2888,Brooklyn Nets,Joe Harris,Miami Heat,L,12/01/2019,31:06,9,16,0.563,5,9,0.556,2,2,1.0,0,4,4,1,0,0,1,1,25,0,2020,34.0,SF,https://www.basketball-reference.com/players/h/harrijo01.html,12,6-6,220.0,Brooklyn Nets,regular season
2889,2889,Brooklyn Nets,Jarrett Allen,Miami Heat,L,12/01/2019,24:22,1,3,0.33299999999999996,0,0,,2,2,1.0,3,9,12,2,0,0,0,5,4,-1,2020,33.0,C,https://www.basketball-reference.com/players/a/allenja01.html,31,6-11,243.0,Brooklyn Nets,regular season
3130,3130,Brooklyn Nets,Spencer Dinwiddie,Atlanta Hawks,W,12/04/2019,34:29,10,23,0.435,0,4,0.0,4,6,0.667,2,4,6,5,2,0,6,4,24,4,2020,35.0,SG,https://www.basketball-reference.com/players/d/dinwisp01.html,8-26,6-5,215.0,Brooklyn Nets,regular season
3131,3131,Brooklyn Nets,Garrett Temple,Atlanta Hawks,W,12/04/2019,34:25,10,16,0.625,6,9,0.667,1,1,1.0,1,3,4,3,0,0,2,5,27,6,2020,37.0,SG,https://www.basketball-reference.com/players/t/templga01.html,17,6-5,195.0,Brooklyn Nets,regular season
3132,3132,Brooklyn Nets,Taurean Waller-Prince,Atlanta Hawks,W,12/04/2019,31:14,9,15,0.6,5,7,0.7140000000000001,0,0,,1,5,6,4,2,0,1,1,23,9,2020,,,,,,,,regular season
3133,3133,Brooklyn Nets,Joe Harris,Atlanta Hawks,W,12/04/2019,29:15,5,11,0.455,1,3,0.33299999999999996,2,2,1.0,2,1,3,4,1,0,1,0,13,6,2020,34.0,SF,https://www.basketball-reference.com/players/h/harrijo01.html,12,6-6,220.0,Brooklyn Nets,regular season
3134,3134,Brooklyn Nets,Jarrett Allen,Atlanta Hawks,W,12/04/2019,28:55,8,11,0.727,0,0,,4,4,1.0,7,6,13,2,2,3,1,3,20,6,2020,33.0,C,https://www.basketball-reference.com/players/a/allenja01.html,31,6-11,243.0,Brooklyn Nets,regular season
3240,3240,Brooklyn Nets,Garrett Temple,Charlotte Hornets,W,12/06/2019,32:52,3,9,0.33299999999999996,2,8,0.25,0,0,,0,2,2,4,1,1,4,2,8,11,2020,37.0,SG,https://www.basketball-reference.com/players/t/templga01.html,17,6-5,195.0,Brooklyn Nets,regular season
3241,3241,Brooklyn Nets,Spencer Dinwiddie,Charlotte Hornets,W,12/06/2019,32:51,4,13,0.308,3,8,0.375,2,4,0.5,0,2,2,12,2,0,4,3,13,4,2020,35.0,SG,https://www.basketball-reference.com/players/d/dinwisp01.html,8-26,6-5,215.0,Brooklyn Nets,regular season
3242,3242,Brooklyn Nets,Taurean Waller-Prince,Charlotte Hornets,W,12/06/2019,31:59,6,9,0.667,2,4,0.5,2,2,1.0,0,5,5,5,1,0,2,2,16,4,2020,,,,,,,,regular season
3243,3243,Brooklyn Nets,Joe Harris,Charlotte Hornets,W,12/06/2019,30:29,8,13,0.615,6,8,0.75,0,0,,0,1,1,5,1,0,0,1,22,4,2020,34.0,SF,https://www.basketball-reference.com/players/h/harrijo01.html,12,6-6,220.0,Brooklyn Nets,regular season
3244,3244,Brooklyn Nets,Jarrett Allen,Charlotte Hornets,W,12/06/2019,22:07,7,10,0.7,0,0,,0,0,,4,6,10,0,2,2,2,2,14,6,2020,33.0,C,https://www.basketball-reference.com/players/a/allenja01.html,31,6-11,243.0,Brooklyn Nets,regular season
3395,3395,Brooklyn Nets,Spencer Dinwiddie,Denver Nuggets,W,12/08/2019,34:20,10,17,0.588,0,3,0.0,4,5,0.8,0,4,4,8,0,0,3,3,24,10,2020,35.0,SG,https://www.basketball-reference.com/players/d/dinwisp01.html,8-26,6-5,215.0,Brooklyn Nets,regular season
3396,3396,Brooklyn Nets,Garrett Temple,Denver Nuggets,W,12/08/2019,33:30,6,15,0.4,3,8,0.375,0,0,,2,4,6,3,1,0,1,0,15,10,2020,37.0,SG,https://www.basketball-reference.com/players/t/templga01.html,17,6-5,195.0,Brooklyn Nets,regular season
3397,3397,Brooklyn Nets,Taurean Waller-Prince,Denver Nuggets,W,12/08/2019,32:39,3,13,0.231,1,6,0.16699999999999998,2,2,1.0,0,11,11,4,1,1,1,2,9,9,2020,,,,,,,,regular season
3398,3398,Brooklyn Nets,Joe Harris,Denver Nuggets,W,12/08/2019,31:27,3,9,0.33299999999999996,2,5,0.4,5,5,1.0,1,3,4,3,0,0,2,4,13,12,2020,34.0,SF,https://www.basketball-reference.com/players/h/harrijo01.html,12,6-6,220.0,Brooklyn Nets,regular season
3399,3399,Brooklyn Nets,Jarrett Allen,Denver Nuggets,W,12/08/2019,29:45,7,13,0.5379999999999999,0,0,,5,8,0.625,6,5,11,2,1,0,2,0,19,10,2020,33.0,C,https://www.basketball-reference.com/players/a/allenja01.html,31,6-11,243.0,Brooklyn Nets,regular season
3645,3645,Brooklyn Nets,Taurean Waller-Prince,Charlotte Hornets,L,12/11/2019,34:21,2,12,0.16699999999999998,1,5,0.2,1,2,0.5,0,5,5,3,1,0,3,2,6,-10,2020,,,,,,,,regular season
3646,3646,Brooklyn Nets,Spencer Dinwiddie,Charlotte Hornets,L,12/11/2019,32:46,8,16,0.5,2,9,0.222,6,9,0.667,0,5,5,6,1,0,3,4,24,-6,2020,35.0,SG,https://www.basketball-reference.com/players/d/dinwisp01.html,8-26,6-5,215.0,Brooklyn Nets,regular season
3647,3647,Brooklyn Nets,Garrett Temple,Charlotte Hornets,L,12/11/2019,31:59,5,11,0.455,1,5,0.2,0,0,,1,1,2,4,1,0,1,1,11,6,2020,37.0,SG,https://www.basketball-reference.com/players/t/templga01.html,17,6-5,195.0,Brooklyn Nets,regular season
3648,3648,Brooklyn Nets,Joe Harris,Charlotte Hornets,L,12/11/2019,29:26,4,11,0.364,1,8,0.125,0,0,,2,4,6,2,0,0,2,4,9,-1,2020,34.0,SF,https://www.basketball-reference.com/players/h/harrijo01.html,12,6-6,220.0,Brooklyn Nets,regular season
3649,3649,Brooklyn Nets,Jarrett Allen,Charlotte Hornets,L,12/11/2019,26:11,7,9,0.778,0,0,,7,11,0.636,6,4,10,2,0,1,0,3,21,0,2020,33.0,C,https://www.basketball-reference.com/players/a/allenja01.html,31,6-11,243.0,Brooklyn Nets,regular season
3850,3850,Brooklyn Nets,Spencer Dinwiddie,Toronto Raptors,L,12/14/2019,33:44,8,18,0.444,2,6,0.33299999999999996,6,7,0.857,0,2,2,8,1,1,1,0,24,-8,2020,35.0,SG,https://www.basketball-reference.com/players/d/dinwisp01.html,8-26,6-5,215.0,Brooklyn Nets,regular season
3851,3851,Brooklyn Nets,Garrett Temple,Toronto Raptors,L,12/14/2019,31:53,6,19,0.316,2,14,0.14300000000000002,2,3,0.667,0,4,4,2,0,0,4,2,16,-11,2020,37.0,SG,https://www.basketball-reference.com/players/t/templga01.html,17,6-5,195.0,Brooklyn Nets,regular season
3852,3852,Brooklyn Nets,Joe Harris,Toronto Raptors,L,12/14/2019,30:37,6,14,0.429,1,6,0.16699999999999998,0,0,,0,3,3,4,0,0,3,4,13,-2,2020,34.0,SF,https://www.basketball-reference.com/players/h/harrijo01.html,12,6-6,220.0,Brooklyn Nets,regular season
3853,3853,Brooklyn Nets,Taurean Waller-Prince,Toronto Raptors,L,12/14/2019,30:03,5,14,0.35700000000000004,4,9,0.444,0,0,,3,7,10,2,1,1,2,5,14,-10,2020,,,,,,,,regular season
3854,3854,Brooklyn Nets,Jarrett Allen,Toronto Raptors,L,12/14/2019,25:11,3,3,1.0,0,0,,1,2,0.5,1,9,10,1,0,1,1,2,7,-12,2020,33.0,C,https://www.basketball-reference.com/players/a/allenja01.html,31,6-11,243.0,Brooklyn Nets,regular season
3955,3955,Brooklyn Nets,Spencer Dinwiddie,Philadelphia 76ers,W,12/15/2019,29:43,9,21,0.429,2,4,0.5,4,6,0.667,0,0,0,6,1,0,3,5,24,13,2020,35.0,SG,https://www.basketball-reference.com/players/d/dinwisp01.html,8-26,6-5,215.0,Brooklyn Nets,regular season
3956,3956,Brooklyn Nets,Garrett Temple,Philadelphia 76ers,W,12/15/2019,29:10,4,6,0.667,3,4,0.75,2,2,1.0,0,0,0,4,0,0,0,2,13,4,2020,37.0,SG,https://www.basketball-reference.com/players/t/templga01.html,17,6-5,195.0,Brooklyn Nets,regular season
3957,3957,Brooklyn Nets,Taurean Waller-Prince,Philadelphia 76ers,W,12/15/2019,25:01,4,12,0.33299999999999996,0,1,0.0,0,0,,0,6,6,4,2,0,3,4,8,16,2020,,,,,,,,regular season
3958,3958,Brooklyn Nets,Joe Harris,Philadelphia 76ers,W,12/15/2019,24:50,7,11,0.636,2,4,0.5,0,0,,0,2,2,1,0,0,1,1,16,6,2020,34.0,SF,https://www.basketball-reference.com/players/h/harrijo01.html,12,6-6,220.0,Brooklyn Nets,regular season
3959,3959,Brooklyn Nets,Jarrett Allen,Philadelphia 76ers,W,12/15/2019,21:59,3,9,0.33299999999999996,0,0,,2,2,1.0,4,4,8,1,0,0,0,1,8,11,2020,33.0,C,https://www.basketball-reference.com/players/a/allenja01.html,31,6-11,243.0,Brooklyn Nets,regular season
4080,4080,Brooklyn Nets,Garrett Temple,New Orleans Pelicans,W,12/17/2019,39:29,2,14,0.14300000000000002,1,6,0.16699999999999998,2,3,0.667,1,4,5,5,0,0,1,1,7,-10,2020,37.0,SG,https://www.basketball-reference.com/players/t/templga01.html,17,6-5,195.0,Brooklyn Nets,regular season
4081,4081,Brooklyn Nets,Spencer Dinwiddie,New Orleans Pelicans,W,12/17/2019,38:31,11,26,0.423,1,8,0.125,8,11,0.727,0,2,2,7,1,0,2,3,31,20,2020,35.0,SG,https://www.basketball-reference.com/players/d/dinwisp01.html,8-26,6-5,215.0,Brooklyn Nets,regular season
4082,4082,Brooklyn Nets,Joe Harris,New Orleans Pelicans,W,12/17/2019,37:17,8,15,0.5329999999999999,5,9,0.556,3,4,0.75,1,5,6,3,0,1,2,1,24,19,2020,34.0,SF,https://www.basketball-reference.com/players/h/harrijo01.html,12,6-6,220.0,Brooklyn Nets,regular season
4083,4083,Brooklyn Nets,Taurean Waller-Prince,New Orleans Pelicans,W,12/17/2019,35:05,1,9,0.111,1,6,0.16699999999999998,0,0,,1,10,11,2,0,1,0,3,3,22,2020,,,,,,,,regular season
4084,4084,Brooklyn Nets,Jarrett Allen,New Orleans Pelicans,W,12/17/2019,34:35,6,7,0.857,0,0,,0,0,,2,12,14,1,0,6,3,5,12,22,2020,33.0,C,https://www.basketball-reference.com/players/a/allenja01.html,31,6-11,243.0,Brooklyn Nets,regular season
4220,4220,Brooklyn Nets,Garrett Temple,San Antonio Spurs,L,12/19/2019,34:22,2,12,0.16699999999999998,2,10,0.2,4,4,1.0,0,3,3,2,3,0,3,3,10,-12,2020,37.0,SG,https://www.basketball-reference.com/players/t/templga01.html,17,6-5,195.0,Brooklyn Nets,regular season
4221,4221,Brooklyn Nets,Spencer Dinwiddie,San Antonio Spurs,L,12/19/2019,33:52,14,29,0.483,4,11,0.364,9,10,0.9,1,0,1,5,0,0,4,1,41,-4,2020,35.0,SG,https://www.basketball-reference.com/players/d/dinwisp01.html,8-26,6-5,215.0,Brooklyn Nets,regular season
4222,4222,Brooklyn Nets,Taurean Waller-Prince,San Antonio Spurs,L,12/19/2019,30:32,3,9,0.33299999999999996,0,5,0.0,3,3,1.0,0,7,7,0,2,1,3,3,9,1,2020,,,,,,,,regular season
4223,4223,Brooklyn Nets,Jarrett Allen,San Antonio Spurs,L,12/19/2019,30:08,7,10,0.7,0,0,,5,5,1.0,4,9,13,6,1,1,2,3,19,0,2020,33.0,C,https://www.basketball-reference.com/players/a/allenja01.html,31,6-11,243.0,Brooklyn Nets,regular season
4224,4224,Brooklyn Nets,Joe Harris,San Antonio Spurs,L,12/19/2019,29:23,4,6,0.667,1,2,0.5,0,0,,1,6,7,0,0,0,1,2,9,-3,2020,34.0,SF,https://www.basketball-reference.com/players/h/harrijo01.html,12,6-6,220.0,Brooklyn Nets,regular season
4355,4355,Brooklyn Nets,Garrett Temple,Atlanta Hawks,W,12/21/2019,39:49,10,19,0.526,4,9,0.444,1,2,0.5,2,4,6,3,1,1,1,2,25,9,2020,37.0,SG,https://www.basketball-reference.com/players/t/templga01.html,17,6-5,195.0,Brooklyn Nets,regular season
4356,4356,Brooklyn Nets,Joe Harris,Atlanta Hawks,W,12/21/2019,37:09,6,15,0.4,3,8,0.375,3,6,0.5,1,4,5,3,2,1,2,2,18,18,2020,34.0,SF,https://www.basketball-reference.com/players/h/harrijo01.html,12,6-6,220.0,Brooklyn Nets,regular season
4357,4357,Brooklyn Nets,Spencer Dinwiddie,Atlanta Hawks,W,12/21/2019,33:52,13,27,0.48100000000000004,2,6,0.33299999999999996,11,12,0.917,1,5,6,6,1,0,3,5,39,11,2020,35.0,SG,https://www.basketball-reference.com/players/d/dinwisp01.html,8-26,6-5,215.0,Brooklyn Nets,regular season
4358,4358,Brooklyn Nets,Taurean Waller-Prince,Atlanta Hawks,W,12/21/2019,30:18,4,13,0.308,2,4,0.5,2,2,1.0,1,9,10,2,0,0,1,3,12,-1,2020,,,,,,,,regular season
4359,4359,Brooklyn Nets,Jarrett Allen,Atlanta Hawks,W,12/21/2019,21:50,3,6,0.5,0,1,0.0,0,2,0.0,3,5,8,1,2,1,0,2,6,-6,2020,33.0,C,https://www.basketball-reference.com/players/a/allenja01.html,31,6-11,243.0,Brooklyn Nets,regular season
4655,4655,Brooklyn Nets,Spencer Dinwiddie,New York Knicks,L,12/26/2019,31:38,5,15,0.33299999999999996,3,9,0.33299999999999996,12,17,0.706,0,8,8,3,0,0,5,3,25,-10,2020,35.0,SG,https://www.basketball-reference.com/players/d/dinwisp01.html,8-26,6-5,215.0,Brooklyn Nets,regular season
4656,4656,Brooklyn Nets,Joe Harris,New York Knicks,L,12/26/2019,31:21,3,12,0.25,2,7,0.28600000000000003,0,0,,1,5,6,2,0,0,0,1,8,-8,2020,34.0,SF,https://www.basketball-reference.com/players/h/harrijo01.html,12,6-6,220.0,Brooklyn Nets,regular season
4657,4657,Brooklyn Nets,Garrett Temple,New York Knicks,L,12/26/2019,29:47,2,10,0.2,2,7,0.28600000000000003,1,2,0.5,2,7,9,1,0,0,0,0,7,-5,2020,37.0,SG,https://www.basketball-reference.com/players/t/templga01.html,17,6-5,195.0,Brooklyn Nets,regular season
4658,4658,Brooklyn Nets,Taurean Waller-Prince,New York Knicks,L,12/26/2019,27:59,1,10,0.1,1,10,0.1,0,0,,1,4,5,2,0,1,1,2,3,-13,2020,,,,,,,,regular season
4659,4659,Brooklyn Nets,Jarrett Allen,New York Knicks,L,12/26/2019,26:41,0,2,0.0,0,0,,4,6,0.667,3,3,6,2,1,1,2,2,4,-16,2020,33.0,C,https://www.basketball-reference.com/players/a/allenja01.html,31,6-11,243.0,Brooklyn Nets,regular season
4800,4800,Brooklyn Nets,Spencer Dinwiddie,Houston Rockets,L,12/28/2019,33:19,6,20,0.3,0,7,0.0,5,11,0.455,0,2,2,11,0,0,5,1,17,-21,2020,35.0,SG,https://www.basketball-reference.com/players/d/dinwisp01.html,8-26,6-5,215.0,Brooklyn Nets,regular season
4801,4801,Brooklyn Nets,Joe Harris,Houston Rockets,L,12/28/2019,31:55,5,14,0.35700000000000004,2,5,0.4,0,0,,0,2,2,2,1,1,1,1,12,-19,2020,34.0,SF,https://www.basketball-reference.com/players/h/harrijo01.html,12,6-6,220.0,Brooklyn Nets,regular season
4802,4802,Brooklyn Nets,Taurean Waller-Prince,Houston Rockets,L,12/28/2019,27:46,6,13,0.462,4,8,0.5,0,0,,0,6,6,2,1,0,3,4,16,-7,2020,,,,,,,,regular season
4803,4803,Brooklyn Nets,Garrett Temple,Houston Rockets,L,12/28/2019,27:46,1,9,0.111,0,5,0.0,0,0,,0,2,2,3,1,1,1,1,2,-10,2020,37.0,SG,https://www.basketball-reference.com/players/t/templga01.html,17,6-5,195.0,Brooklyn Nets,regular season
4804,4804,Brooklyn Nets,Jarrett Allen,Houston Rockets,L,12/28/2019,26:32,5,7,0.7140000000000001,0,0,,6,6,1.0,3,7,10,0,1,2,1,1,16,-24,2020,33.0,C,https://www.basketball-reference.com/players/a/allenja01.html,31,6-11,243.0,Brooklyn Nets,regular season
4980,4980,Brooklyn Nets,Joe Harris,Minnesota Timberwolves,L,12/30/2019,40:40,8,14,0.5710000000000001,3,6,0.5,0,0,,1,6,7,1,0,0,0,1,19,-3,2020,34.0,SF,https://www.basketball-reference.com/players/h/harrijo01.html,12,6-6,220.0,Brooklyn Nets,regular season
4981,4981,Brooklyn Nets,Garrett Temple,Minnesota Timberwolves,L,12/30/2019,40:34,3,16,0.188,1,7,0.14300000000000002,4,4,1.0,0,4,4,5,0,1,2,4,11,-10,2020,37.0,SG,https://www.basketball-reference.com/players/t/templga01.html,17,6-5,195.0,Brooklyn Nets,regular season
4982,4982,Brooklyn Nets,Spencer Dinwiddie,Minnesota Timberwolves,L,12/30/2019,39:50,12,31,0.387,3,9,0.33299999999999996,9,13,0.6920000000000001,1,4,5,8,1,0,4,3,36,-4,2020,35.0,SG,https://www.basketball-reference.com/players/d/dinwisp01.html,8-26,6-5,215.0,Brooklyn Nets,regular season
4983,4983,Brooklyn Nets,Taurean Waller-Prince,Minnesota Timberwolves,L,12/30/2019,34:50,3,13,0.231,2,7,0.28600000000000003,3,3,1.0,2,12,14,0,2,1,3,2,11,-14,2020,,,,,,,,regular season
4984,4984,Brooklyn Nets,Jarrett Allen,Minnesota Timberwolves,L,12/30/2019,26:11,2,4,0.5,0,0,,2,3,0.667,1,4,5,1,0,1,3,5,6,-10,2020,33.0,C,https://www.basketball-reference.com/players/a/allenja01.html,31,6-11,243.0,Brooklyn Nets,regular season
5170,5170,Brooklyn Nets,Joe Harris,Dallas Mavericks,L,01/02/2020,30:50,5,17,0.294,1,6,0.16699999999999998,0,0,,3,1,4,5,0,0,0,0,11,-8,2020,34.0,SF,https://www.basketball-reference.com/players/h/harrijo01.html,12,6-6,220.0,Brooklyn Nets,regular season
5171,5171,Brooklyn Nets,Taurean Waller-Prince,Dallas Mavericks,L,01/02/2020,27:57,4,13,0.308,3,9,0.33299999999999996,0,0,,1,5,6,2,1,0,3,2,11,2,2020,,,,,,,,regular season
5172,5172,Brooklyn Nets,Spencer Dinwiddie,Dallas Mavericks,L,01/02/2020,23:22,7,14,0.5,1,4,0.25,4,4,1.0,1,1,2,5,1,0,4,4,19,-5,2020,35.0,SG,https://www.basketball-reference.com/players/d/dinwisp01.html,8-26,6-5,215.0,Brooklyn Nets,regular season
5173,5173,Brooklyn Nets,DeAndre Jordan,Dallas Mavericks,L,01/02/2020,22:03,3,3,1.0,0,0,,4,4,1.0,2,8,10,2,0,0,0,2,10,-12,2020,38.0,C,https://www.basketball-reference.com/players/j/jordade01.html,6,6-11,265.0,Brooklyn Nets,regular season
5174,5174,Brooklyn Nets,Rodions Kurucs,Dallas Mavericks,L,01/02/2020,17:38,3,10,0.3,1,6,0.16699999999999998,1,2,0.5,1,2,3,3,2,0,0,2,8,7,2020,40.0,PF,https://www.basketball-reference.com/players/k/kurucro01.html,00,6-9,228.0,Brooklyn Nets,regular season
5285,5285,Brooklyn Nets,Joe Harris,Toronto Raptors,L,01/04/2020,31:26,4,6,0.667,3,5,0.6,7,8,0.875,0,3,3,5,0,0,3,2,18,0,2020,34.0,SF,https://www.basketball-reference.com/players/h/harrijo01.html,12,6-6,220.0,Brooklyn Nets,regular season
5286,5286,Brooklyn Nets,Spencer Dinwiddie,Toronto Raptors,L,01/04/2020,30:35,6,12,0.5,2,5,0.4,9,12,0.75,1,2,3,7,0,1,4,2,23,-14,2020,35.0,SG,https://www.basketball-reference.com/players/d/dinwisp01.html,8-26,6-5,215.0,Brooklyn Nets,regular season
5287,5287,Brooklyn Nets,Garrett Temple,Toronto Raptors,L,01/04/2020,30:10,4,11,0.364,3,8,0.375,1,2,0.5,1,4,5,3,1,0,1,0,12,-3,2020,37.0,SG,https://www.basketball-reference.com/players/t/templga01.html,17,6-5,195.0,Brooklyn Nets,regular season
5288,5288,Brooklyn Nets,Taurean Waller-Prince,Toronto Raptors,L,01/04/2020,28:16,4,11,0.364,2,8,0.25,0,0,,2,4,6,2,0,1,2,2,10,-8,2020,,,,,,,,regular season
5289,5289,Brooklyn Nets,Jarrett Allen,Toronto Raptors,L,01/04/2020,24:47,3,4,0.75,0,0,,1,3,0.33299999999999996,0,5,5,0,1,2,1,2,7,-3,2020,33.0,C,https://www.basketball-reference.com/players/a/allenja01.html,31,6-11,243.0,Brooklyn Nets,regular season
5440,5440,Brooklyn Nets,Joe Harris,Orlando Magic,L,01/06/2020,31:13,6,11,0.545,3,7,0.429,1,1,1.0,1,2,3,2,2,1,2,5,16,-18,2020,34.0,SF,https://www.basketball-reference.com/players/h/harrijo01.html,12,6-6,220.0,Brooklyn Nets,regular season
5441,5441,Brooklyn Nets,Garrett Temple,Orlando Magic,L,01/06/2020,29:16,2,13,0.154,1,8,0.125,4,5,0.8,1,1,2,4,1,0,3,2,9,4,2020,37.0,SG,https://www.basketball-reference.com/players/t/templga01.html,17,6-5,195.0,Brooklyn Nets,regular season
5442,5442,Brooklyn Nets,Taurean Waller-Prince,Orlando Magic,L,01/06/2020,28:50,2,11,0.182,2,9,0.222,0,0,,1,7,8,2,2,0,0,2,6,-17,2020,,,,,,,,regular season
5443,5443,Brooklyn Nets,Spencer Dinwiddie,Orlando Magic,L,01/06/2020,28:40,6,19,0.316,2,10,0.2,2,4,0.5,0,5,5,3,0,0,1,2,16,-15,2020,35.0,SG,https://www.basketball-reference.com/players/d/dinwisp01.html,8-26,6-5,215.0,Brooklyn Nets,regular season
5444,5444,Brooklyn Nets,Jarrett Allen,Orlando Magic,L,01/06/2020,25:16,2,6,0.33299999999999996,0,0,,1,1,1.0,4,4,8,1,2,0,0,1,5,-9,2020,33.0,C,https://www.basketball-reference.com/players/a/allenja01.html,31,6-11,243.0,Brooklyn Nets,regular season
5545,5545,Brooklyn Nets,Joe Harris,Oklahoma City Thunder,L,01/07/2020,38:15,3,12,0.25,1,7,0.14300000000000002,2,2,1.0,1,5,6,0,2,0,2,4,9,-8,2020,34.0,SF,https://www.basketball-reference.com/players/h/harrijo01.html,12,6-6,220.0,Brooklyn Nets,regular season
5546,5546,Brooklyn Nets,Taurean Waller-Prince,Oklahoma City Thunder,L,01/07/2020,37:04,8,15,0.5329999999999999,5,10,0.5,0,0,,1,7,8,1,1,1,2,2,21,-10,2020,,,,,,,,regular season
5547,5547,Brooklyn Nets,Spencer Dinwiddie,Oklahoma City Thunder,L,01/07/2020,36:02,6,21,0.28600000000000003,0,6,0.0,2,3,0.667,1,4,5,6,0,0,2,5,14,-7,2020,35.0,SG,https://www.basketball-reference.com/players/d/dinwisp01.html,8-26,6-5,215.0,Brooklyn Nets,regular season
5548,5548,Brooklyn Nets,Jarrett Allen,Oklahoma City Thunder,L,01/07/2020,32:49,4,7,0.5710000000000001,0,1,0.0,4,4,1.0,2,5,7,2,0,2,0,2,12,-9,2020,33.0,C,https://www.basketball-reference.com/players/a/allenja01.html,31,6-11,243.0,Brooklyn Nets,regular season
5549,5549,Brooklyn Nets,Rodions Kurucs,Oklahoma City Thunder,L,01/07/2020,19:14,2,4,0.5,0,1,0.0,0,0,,0,2,2,4,0,0,0,4,4,3,2020,40.0,PF,https://www.basketball-reference.com/players/k/kurucro01.html,00,6-9,228.0,Brooklyn Nets,regular season
5735,5735,Brooklyn Nets,Spencer Dinwiddie,Miami Heat,W,01/10/2020,35:08,10,19,0.526,2,6,0.33299999999999996,4,8,0.5,1,3,4,14,2,1,2,1,26,18,2020,35.0,SG,https://www.basketball-reference.com/players/d/dinwisp01.html,8-26,6-5,215.0,Brooklyn Nets,regular season
5736,5736,Brooklyn Nets,Joe Harris,Miami Heat,W,01/10/2020,34:55,2,9,0.222,1,5,0.2,4,6,0.667,2,5,7,6,0,0,3,3,9,21,2020,34.0,SF,https://www.basketball-reference.com/players/h/harrijo01.html,12,6-6,220.0,Brooklyn Nets,regular season
5737,5737,Brooklyn Nets,Taurean Waller-Prince,Miami Heat,W,01/10/2020,31:35,8,17,0.47100000000000003,1,10,0.1,0,0,,1,3,4,4,1,1,2,0,17,16,2020,,,,,,,,regular season
5738,5738,Brooklyn Nets,Jarrett Allen,Miami Heat,W,01/10/2020,28:04,5,6,0.833,0,0,,1,1,1.0,3,8,11,0,1,1,0,1,11,24,2020,33.0,C,https://www.basketball-reference.com/players/a/allenja01.html,31,6-11,243.0,Brooklyn Nets,regular season
5739,5739,Brooklyn Nets,Rodions Kurucs,Miami Heat,W,01/10/2020,23:22,7,9,0.778,4,5,0.8,1,2,0.5,1,2,3,0,1,0,0,4,19,4,2020,40.0,PF,https://www.basketball-reference.com/players/k/kurucro01.html,00,6-9,228.0,Brooklyn Nets,regular season
5905,5905,Brooklyn Nets,Spencer Dinwiddie,Atlanta Hawks,W,01/12/2020,24:31,2,7,0.28600000000000003,1,4,0.25,2,2,1.0,1,3,4,8,0,0,4,2,7,30,2020,35.0,SG,https://www.basketball-reference.com/players/d/dinwisp01.html,8-26,6-5,215.0,Brooklyn Nets,regular season
5906,5906,Brooklyn Nets,Jarrett Allen,Atlanta Hawks,W,01/12/2020,23:52,4,5,0.8,0,0,,2,7,0.28600000000000003,2,10,12,2,1,1,3,4,10,22,2020,33.0,C,https://www.basketball-reference.com/players/a/allenja01.html,31,6-11,243.0,Brooklyn Nets,regular season
5907,5907,Brooklyn Nets,Taurean Waller-Prince,Atlanta Hawks,W,01/12/2020,21:22,5,8,0.625,4,6,0.667,0,0,,0,5,5,2,0,0,2,1,14,34,2020,,,,,,,,regular season
5908,5908,Brooklyn Nets,Joe Harris,Atlanta Hawks,W,01/12/2020,21:22,5,7,0.7140000000000001,1,2,0.5,0,1,0.0,0,7,7,0,1,0,1,1,11,34,2020,34.0,SF,https://www.basketball-reference.com/players/h/harrijo01.html,12,6-6,220.0,Brooklyn Nets,regular season
5909,5909,Brooklyn Nets,Kyrie Irving,Atlanta Hawks,W,01/12/2020,19:46,10,11,0.909,1,1,1.0,0,0,,0,4,4,3,1,0,2,1,21,22,2020,44.0,PG,https://www.basketball-reference.com/players/i/irvinky01.html,11,6-2,195.0,Brooklyn Nets,regular season
6035,6035,Brooklyn Nets,Spencer Dinwiddie,Utah Jazz,L,01/14/2020,36:25,7,17,0.41200000000000003,2,5,0.4,1,5,0.2,3,1,4,5,0,0,4,2,17,-13,2020,35.0,SG,https://www.basketball-reference.com/players/d/dinwisp01.html,8-26,6-5,215.0,Brooklyn Nets,regular season
6036,6036,Brooklyn Nets,Joe Harris,Utah Jazz,L,01/14/2020,33:35,5,10,0.5,1,5,0.2,2,2,1.0,1,0,1,1,1,0,0,3,13,-8,2020,34.0,SF,https://www.basketball-reference.com/players/h/harrijo01.html,12,6-6,220.0,Brooklyn Nets,regular season
6037,6037,Brooklyn Nets,Kyrie Irving,Utah Jazz,L,01/14/2020,32:13,12,19,0.632,3,5,0.6,5,6,0.833,2,3,5,11,2,1,1,0,32,0,2020,44.0,PG,https://www.basketball-reference.com/players/i/irvinky01.html,11,6-2,195.0,Brooklyn Nets,regular season
6038,6038,Brooklyn Nets,Taurean Waller-Prince,Utah Jazz,L,01/14/2020,29:55,3,9,0.33299999999999996,0,4,0.0,0,0,,0,5,5,1,0,0,1,0,6,-14,2020,,,,,,,,regular season
6039,6039,Brooklyn Nets,Jarrett Allen,Utah Jazz,L,01/14/2020,24:32,4,8,0.5,0,0,,0,0,,0,2,2,1,0,1,0,1,8,-13,2020,33.0,C,https://www.basketball-reference.com/players/a/allenja01.html,31,6-11,243.0,Brooklyn Nets,regular season
6090,6090,Brooklyn Nets,Kyrie Irving,Philadelphia 76ers,L,01/15/2020,36:48,6,21,0.28600000000000003,1,2,0.5,1,2,0.5,3,3,6,4,2,1,2,2,14,-29,2020,44.0,PG,https://www.basketball-reference.com/players/i/irvinky01.html,11,6-2,195.0,Brooklyn Nets,regular season
6091,6091,Brooklyn Nets,Spencer Dinwiddie,Philadelphia 76ers,L,01/15/2020,36:39,8,16,0.5,3,8,0.375,7,10,0.7,0,2,2,8,0,0,2,4,26,-1,2020,35.0,SG,https://www.basketball-reference.com/players/d/dinwisp01.html,8-26,6-5,215.0,Brooklyn Nets,regular season
6092,6092,Brooklyn Nets,Taurean Waller-Prince,Philadelphia 76ers,L,01/15/2020,32:48,5,9,0.556,3,4,0.75,2,3,0.667,0,7,7,0,3,0,4,2,15,-10,2020,,,,,,,,regular season
6093,6093,Brooklyn Nets,Jarrett Allen,Philadelphia 76ers,L,01/15/2020,31:24,7,8,0.875,0,0,,3,5,0.6,2,8,10,1,0,0,1,4,17,-7,2020,33.0,C,https://www.basketball-reference.com/players/a/allenja01.html,31,6-11,243.0,Brooklyn Nets,regular season
6094,6094,Brooklyn Nets,Joe Harris,Philadelphia 76ers,L,01/15/2020,26:13,2,9,0.222,2,3,0.667,0,2,0.0,2,4,6,0,1,0,2,3,6,-3,2020,34.0,SF,https://www.basketball-reference.com/players/h/harrijo01.html,12,6-6,220.0,Brooklyn Nets,regular season
6315,6315,Brooklyn Nets,Kyrie Irving,Milwaukee Bucks,L,01/18/2020,30:39,6,15,0.4,2,6,0.33299999999999996,3,3,1.0,1,5,6,6,4,0,2,2,17,-6,2020,44.0,PG,https://www.basketball-reference.com/players/i/irvinky01.html,11,6-2,195.0,Brooklyn Nets,regular season
6316,6316,Brooklyn Nets,Jarrett Allen,Milwaukee Bucks,L,01/18/2020,28:59,1,3,0.33299999999999996,0,0,,3,4,0.75,1,9,10,3,0,4,1,2,5,-7,2020,33.0,C,https://www.basketball-reference.com/players/a/allenja01.html,31,6-11,243.0,Brooklyn Nets,regular season
6317,6317,Brooklyn Nets,Spencer Dinwiddie,Milwaukee Bucks,L,01/18/2020,26:31,3,12,0.25,3,6,0.5,2,2,1.0,1,2,3,3,0,0,2,2,11,-11,2020,35.0,SG,https://www.basketball-reference.com/players/d/dinwisp01.html,8-26,6-5,215.0,Brooklyn Nets,regular season
6318,6318,Brooklyn Nets,Taurean Waller-Prince,Milwaukee Bucks,L,01/18/2020,23:51,4,15,0.267,3,12,0.25,2,2,1.0,0,1,1,2,0,0,3,4,13,-13,2020,,,,,,,,regular season
6319,6319,Brooklyn Nets,Rodions Kurucs,Milwaukee Bucks,L,01/18/2020,19:13,2,7,0.28600000000000003,2,7,0.28600000000000003,0,0,,0,3,3,1,0,0,2,3,6,-2,2020,40.0,PF,https://www.basketball-reference.com/players/k/kurucro01.html,00,6-9,228.0,Brooklyn Nets,regular season
6455,6455,Brooklyn Nets,Spencer Dinwiddie,Philadelphia 76ers,L,01/20/2020,35:08,6,17,0.353,3,7,0.429,7,9,0.778,0,5,5,7,1,0,5,3,22,-2,2020,35.0,SG,https://www.basketball-reference.com/players/d/dinwisp01.html,8-26,6-5,215.0,Brooklyn Nets,regular season
6456,6456,Brooklyn Nets,Joe Harris,Philadelphia 76ers,L,01/20/2020,33:24,4,9,0.444,1,5,0.2,3,5,0.6,0,3,3,1,0,0,5,6,12,-2,2020,34.0,SF,https://www.basketball-reference.com/players/h/harrijo01.html,12,6-6,220.0,Brooklyn Nets,regular season
6457,6457,Brooklyn Nets,Taurean Waller-Prince,Philadelphia 76ers,L,01/20/2020,30:56,5,9,0.556,1,3,0.33299999999999996,1,2,0.5,3,9,12,1,1,1,2,2,12,-4,2020,,,,,,,,regular season
6458,6458,Brooklyn Nets,Jarrett Allen,Philadelphia 76ers,L,01/20/2020,30:54,5,8,0.625,0,0,,3,4,0.75,4,9,13,2,1,1,2,0,13,-4,2020,33.0,C,https://www.basketball-reference.com/players/a/allenja01.html,31,6-11,243.0,Brooklyn Nets,regular season
6459,6459,Brooklyn Nets,Garrett Temple,Philadelphia 76ers,L,01/20/2020,19:49,1,4,0.25,0,3,0.0,0,0,,0,3,3,1,1,0,1,0,2,-4,2020,37.0,SG,https://www.basketball-reference.com/players/t/templga01.html,17,6-5,195.0,Brooklyn Nets,regular season
6715,6715,Brooklyn Nets,Kyrie Irving,Los Angeles Lakers,L,01/23/2020,33:13,7,17,0.41200000000000003,3,6,0.5,3,4,0.75,1,2,3,4,2,1,4,2,20,-26,2020,44.0,PG,https://www.basketball-reference.com/players/i/irvinky01.html,11,6-2,195.0,Brooklyn Nets,regular season
6716,6716,Brooklyn Nets,Spencer Dinwiddie,Los Angeles Lakers,L,01/23/2020,30:25,3,9,0.33299999999999996,1,6,0.16699999999999998,0,0,,2,5,7,13,1,0,1,1,7,-7,2020,35.0,SG,https://www.basketball-reference.com/players/d/dinwisp01.html,8-26,6-5,215.0,Brooklyn Nets,regular season
6717,6717,Brooklyn Nets,Jarrett Allen,Los Angeles Lakers,L,01/23/2020,29:36,3,8,0.375,0,1,0.0,1,2,0.5,2,6,8,0,0,1,0,3,7,-24,2020,33.0,C,https://www.basketball-reference.com/players/a/allenja01.html,31,6-11,243.0,Brooklyn Nets,regular season
6718,6718,Brooklyn Nets,Taurean Waller-Prince,Los Angeles Lakers,L,01/23/2020,29:10,6,13,0.462,3,7,0.429,3,4,0.75,1,2,3,4,3,0,3,3,18,-14,2020,,,,,,,,regular season
6719,6719,Brooklyn Nets,Joe Harris,Los Angeles Lakers,L,01/23/2020,25:59,2,6,0.33299999999999996,2,5,0.4,0,0,,0,2,2,2,1,1,3,0,6,-2,2020,34.0,SF,https://www.basketball-reference.com/players/h/harrijo01.html,12,6-6,220.0,Brooklyn Nets,regular season
6850,6850,Brooklyn Nets,Kyrie Irving,Detroit Pistons,W,01/25/2020,40:02,15,30,0.5,5,12,0.41700000000000004,10,10,1.0,0,6,6,7,0,0,1,5,45,13,2020,44.0,PG,https://www.basketball-reference.com/players/i/irvinky01.html,11,6-2,195.0,Brooklyn Nets,regular season
6851,6851,Brooklyn Nets,Jarrett Allen,Detroit Pistons,W,01/25/2020,39:56,8,13,0.615,0,0,,4,6,0.667,5,10,15,1,1,4,2,4,20,21,2020,33.0,C,https://www.basketball-reference.com/players/a/allenja01.html,31,6-11,243.0,Brooklyn Nets,regular season
6852,6852,Brooklyn Nets,Joe Harris,Detroit Pistons,W,01/25/2020,36:29,6,12,0.5,4,10,0.4,0,0,,2,4,6,2,0,0,1,1,16,18,2020,34.0,SF,https://www.basketball-reference.com/players/h/harrijo01.html,12,6-6,220.0,Brooklyn Nets,regular season
6853,6853,Brooklyn Nets,Garrett Temple,Detroit Pistons,W,01/25/2020,22:12,1,5,0.2,1,4,0.25,1,2,0.5,0,5,5,0,0,0,0,1,4,7,2020,37.0,SG,https://www.basketball-reference.com/players/t/templga01.html,17,6-5,195.0,Brooklyn Nets,regular season
6854,6854,Brooklyn Nets,Taurean Waller-Prince,Detroit Pistons,W,01/25/2020,21:58,2,7,0.28600000000000003,2,6,0.33299999999999996,0,0,,0,4,4,2,0,0,0,1,6,8,2020,,,,,,,,regular season
6940,6940,Brooklyn Nets,Garrett Temple,New York Knicks,L,01/26/2020,33:43,4,12,0.33299999999999996,3,8,0.375,0,0,,0,3,3,3,1,1,0,2,11,-8,2020,37.0,SG,https://www.basketball-reference.com/players/t/templga01.html,17,6-5,195.0,Brooklyn Nets,regular season
6941,6941,Brooklyn Nets,Spencer Dinwiddie,New York Knicks,L,01/26/2020,32:21,7,17,0.41200000000000003,2,4,0.5,7,10,0.7,0,4,4,5,0,1,3,0,23,-10,2020,35.0,SG,https://www.basketball-reference.com/players/d/dinwisp01.html,8-26,6-5,215.0,Brooklyn Nets,regular season
6942,6942,Brooklyn Nets,Jarrett Allen,New York Knicks,L,01/26/2020,31:36,2,3,0.667,0,0,,1,2,0.5,2,3,5,0,0,2,2,2,5,-8,2020,33.0,C,https://www.basketball-reference.com/players/a/allenja01.html,31,6-11,243.0,Brooklyn Nets,regular season
6943,6943,Brooklyn Nets,Joe Harris,New York Knicks,L,01/26/2020,31:35,5,10,0.5,1,5,0.2,0,0,,1,3,4,1,2,0,2,1,11,-5,2020,34.0,SF,https://www.basketball-reference.com/players/h/harrijo01.html,12,6-6,220.0,Brooklyn Nets,regular season
6944,6944,Brooklyn Nets,Taurean Waller-Prince,New York Knicks,L,01/26/2020,28:31,4,10,0.4,3,7,0.429,3,3,1.0,0,3,3,4,0,0,2,2,14,-5,2020,,,,,,,,regular season
7125,7125,Brooklyn Nets,Kyrie Irving,Detroit Pistons,W,01/29/2020,32:50,7,16,0.43799999999999994,2,5,0.4,4,4,1.0,3,2,5,5,2,0,4,2,20,13,2020,44.0,PG,https://www.basketball-reference.com/players/i/irvinky01.html,11,6-2,195.0,Brooklyn Nets,regular season
7126,7126,Brooklyn Nets,Taurean Waller-Prince,Detroit Pistons,W,01/29/2020,28:21,9,16,0.563,4,8,0.5,0,0,,1,6,7,1,4,0,0,1,22,14,2020,,,,,,,,regular season
7127,7127,Brooklyn Nets,Joe Harris,Detroit Pistons,W,01/29/2020,28:10,4,11,0.364,1,6,0.16699999999999998,0,0,,0,3,3,2,0,0,1,3,9,7,2020,34.0,SF,https://www.basketball-reference.com/players/h/harrijo01.html,12,6-6,220.0,Brooklyn Nets,regular season
7128,7128,Brooklyn Nets,Jarrett Allen,Detroit Pistons,W,01/29/2020,27:30,4,7,0.5710000000000001,0,0,,3,4,0.75,2,4,6,2,1,4,2,3,11,12,2020,33.0,C,https://www.basketball-reference.com/players/a/allenja01.html,31,6-11,243.0,Brooklyn Nets,regular season
7129,7129,Brooklyn Nets,Garrett Temple,Detroit Pistons,W,01/29/2020,24:20,3,6,0.5,2,5,0.4,2,2,1.0,0,1,1,5,0,0,1,2,10,13,2020,37.0,SG,https://www.basketball-reference.com/players/t/templga01.html,17,6-5,195.0,Brooklyn Nets,regular season
7245,7245,Brooklyn Nets,Kyrie Irving,Chicago Bulls,W,01/31/2020,31:53,19,23,0.826,7,9,0.778,9,10,0.9,0,5,5,5,1,0,4,3,54,20,2020,44.0,PG,https://www.basketball-reference.com/players/i/irvinky01.html,11,6-2,195.0,Brooklyn Nets,regular season
7246,7246,Brooklyn Nets,Taurean Waller-Prince,Chicago Bulls,W,01/31/2020,30:08,6,12,0.5,2,6,0.33299999999999996,2,2,1.0,1,7,8,3,0,0,2,4,16,16,2020,,,,,,,,regular season
7247,7247,Brooklyn Nets,Jarrett Allen,Chicago Bulls,W,01/31/2020,29:13,5,5,1.0,0,0,,2,3,0.667,2,3,5,5,1,2,1,2,12,14,2020,33.0,C,https://www.basketball-reference.com/players/a/allenja01.html,31,6-11,243.0,Brooklyn Nets,regular season
7248,7248,Brooklyn Nets,Joe Harris,Chicago Bulls,W,01/31/2020,27:49,2,3,0.667,1,2,0.5,0,0,,0,2,2,4,1,0,1,2,5,18,2020,34.0,SF,https://www.basketball-reference.com/players/h/harrijo01.html,12,6-6,220.0,Brooklyn Nets,regular season
7249,7249,Brooklyn Nets,Garrett Temple,Chicago Bulls,W,01/31/2020,26:02,5,10,0.5,1,5,0.2,0,1,0.0,0,2,2,0,1,0,1,3,11,3,2020,37.0,SG,https://www.basketball-reference.com/players/t/templga01.html,17,6-5,195.0,Brooklyn Nets,regular season
7340,7340,Brooklyn Nets,Garrett Temple,Washington Wizards,L,02/01/2020,36:30,6,14,0.429,4,10,0.4,1,1,1.0,1,4,5,1,1,1,1,3,17,-9,2020,37.0,SG,https://www.basketball-reference.com/players/t/templga01.html,17,6-5,195.0,Brooklyn Nets,regular season
7341,7341,Brooklyn Nets,Joe Harris,Washington Wizards,L,02/01/2020,30:20,8,16,0.5,6,11,0.545,0,0,,0,3,3,3,0,0,0,3,22,-11,2020,34.0,SF,https://www.basketball-reference.com/players/h/harrijo01.html,12,6-6,220.0,Brooklyn Nets,regular season
7342,7342,Brooklyn Nets,Kyrie Irving,Washington Wizards,L,02/01/2020,28:38,5,12,0.41700000000000004,1,5,0.2,0,0,,2,2,4,4,1,1,6,4,11,-5,2020,44.0,PG,https://www.basketball-reference.com/players/i/irvinky01.html,11,6-2,195.0,Brooklyn Nets,regular season
7343,7343,Brooklyn Nets,Taurean Waller-Prince,Washington Wizards,L,02/01/2020,27:26,1,9,0.111,0,8,0.0,0,0,,0,5,5,2,1,1,2,0,2,-8,2020,,,,,,,,regular season
7344,7344,Brooklyn Nets,Jarrett Allen,Washington Wizards,L,02/01/2020,26:58,5,6,0.833,0,0,,3,7,0.429,3,12,15,5,0,2,0,3,13,-10,2020,33.0,C,https://www.basketball-reference.com/players/a/allenja01.html,31,6-11,243.0,Brooklyn Nets,regular season
7495,7495,Brooklyn Nets,Caris LeVert,Phoenix Suns,W,02/03/2020,32:01,10,20,0.5,2,4,0.5,7,7,1.0,1,2,3,7,2,0,5,4,29,14,2020,41.0,SG,https://www.basketball-reference.com/players/l/leverca01.html,22,6-6,205.0,Brooklyn Nets,regular season
7496,7496,Brooklyn Nets,Spencer Dinwiddie,Phoenix Suns,W,02/03/2020,30:44,4,12,0.33299999999999996,1,1,1.0,5,6,0.833,1,2,3,4,1,0,3,2,14,24,2020,35.0,SG,https://www.basketball-reference.com/players/d/dinwisp01.html,8-26,6-5,215.0,Brooklyn Nets,regular season
7497,7497,Brooklyn Nets,Taurean Waller-Prince,Phoenix Suns,W,02/03/2020,29:50,5,10,0.5,3,6,0.5,2,2,1.0,0,6,6,0,1,0,2,3,15,20,2020,,,,,,,,regular season
7498,7498,Brooklyn Nets,Joe Harris,Phoenix Suns,W,02/03/2020,27:37,7,13,0.5379999999999999,2,5,0.4,0,0,,0,4,4,2,1,0,1,0,16,24,2020,34.0,SF,https://www.basketball-reference.com/players/h/harrijo01.html,12,6-6,220.0,Brooklyn Nets,regular season
7499,7499,Brooklyn Nets,Jarrett Allen,Phoenix Suns,W,02/03/2020,23:12,4,7,0.5710000000000001,0,1,0.0,0,1,0.0,4,4,8,3,0,2,2,2,8,12,2020,33.0,C,https://www.basketball-reference.com/players/a/allenja01.html,31,6-11,243.0,Brooklyn Nets,regular season
7605,7605,Brooklyn Nets,Caris LeVert,Golden State Warriors,W,02/05/2020,26:42,8,20,0.4,3,5,0.6,4,4,1.0,1,3,4,8,0,0,4,2,23,43,2020,41.0,SG,https://www.basketball-reference.com/players/l/leverca01.html,22,6-6,205.0,Brooklyn Nets,regular season
7606,7606,Brooklyn Nets,Spencer Dinwiddie,Golden State Warriors,W,02/05/2020,24:06,2,7,0.28600000000000003,1,3,0.33299999999999996,3,4,0.75,4,1,5,4,0,0,1,0,8,20,2020,35.0,SG,https://www.basketball-reference.com/players/d/dinwisp01.html,8-26,6-5,215.0,Brooklyn Nets,regular season
7607,7607,Brooklyn Nets,Joe Harris,Golden State Warriors,W,02/05/2020,22:09,7,12,0.583,2,4,0.5,1,1,1.0,1,8,9,1,1,0,1,3,17,26,2020,34.0,SF,https://www.basketball-reference.com/players/h/harrijo01.html,12,6-6,220.0,Brooklyn Nets,regular season
7608,7608,Brooklyn Nets,Taurean Waller-Prince,Golden State Warriors,W,02/05/2020,20:17,4,10,0.4,1,5,0.2,3,4,0.75,1,5,6,1,0,0,1,0,12,28,2020,,,,,,,,regular season
7609,7609,Brooklyn Nets,Jarrett Allen,Golden State Warriors,W,02/05/2020,17:56,2,6,0.33299999999999996,0,0,,0,0,,3,10,13,1,0,1,0,1,4,28,2020,33.0,C,https://www.basketball-reference.com/players/a/allenja01.html,31,6-11,243.0,Brooklyn Nets,regular season
7840,7840,Brooklyn Nets,Spencer Dinwiddie,Toronto Raptors,L,02/08/2020,36:22,8,17,0.47100000000000003,2,6,0.33299999999999996,3,4,0.75,1,5,6,11,1,0,0,2,21,-3,2020,35.0,SG,https://www.basketball-reference.com/players/d/dinwisp01.html,8-26,6-5,215.0,Brooklyn Nets,regular season
7841,7841,Brooklyn Nets,Caris LeVert,Toronto Raptors,L,02/08/2020,33:13,12,18,0.667,6,7,0.857,7,7,1.0,1,2,3,4,1,0,1,1,37,-1,2020,41.0,SG,https://www.basketball-reference.com/players/l/leverca01.html,22,6-6,205.0,Brooklyn Nets,regular season
7842,7842,Brooklyn Nets,Joe Harris,Toronto Raptors,L,02/08/2020,32:38,5,9,0.556,1,4,0.25,0,0,,3,4,7,2,0,0,0,2,11,1,2020,34.0,SF,https://www.basketball-reference.com/players/h/harrijo01.html,12,6-6,220.0,Brooklyn Nets,regular season
7843,7843,Brooklyn Nets,Taurean Waller-Prince,Toronto Raptors,L,02/08/2020,27:25,6,16,0.375,4,10,0.4,1,2,0.5,1,1,2,2,1,1,2,1,17,-4,2020,,,,,,,,regular season
7844,7844,Brooklyn Nets,Jarrett Allen,Toronto Raptors,L,02/08/2020,19:21,1,2,0.5,0,0,,1,2,0.5,3,3,6,0,1,0,1,2,3,-8,2020,33.0,C,https://www.basketball-reference.com/players/a/allenja01.html,31,6-11,243.0,Brooklyn Nets,regular season
7970,7970,Brooklyn Nets,Spencer Dinwiddie,Indiana Pacers,W,02/10/2020,35:18,4,15,0.267,0,7,0.0,13,15,0.867,0,6,6,11,0,1,2,0,21,8,2020,35.0,SG,https://www.basketball-reference.com/players/d/dinwisp01.html,8-26,6-5,215.0,Brooklyn Nets,regular season
7971,7971,Brooklyn Nets,Joe Harris,Indiana Pacers,W,02/10/2020,34:15,5,12,0.41700000000000004,4,7,0.5710000000000001,1,2,0.5,3,5,8,2,0,0,1,1,15,7,2020,34.0,SF,https://www.basketball-reference.com/players/h/harrijo01.html,12,6-6,220.0,Brooklyn Nets,regular season
7972,7972,Brooklyn Nets,Caris LeVert,Indiana Pacers,W,02/10/2020,33:17,4,13,0.308,1,4,0.25,2,3,0.667,0,2,2,3,2,1,6,3,11,1,2020,41.0,SG,https://www.basketball-reference.com/players/l/leverca01.html,22,6-6,205.0,Brooklyn Nets,regular season
7973,7973,Brooklyn Nets,Taurean Waller-Prince,Indiana Pacers,W,02/10/2020,31:51,5,15,0.33299999999999996,3,8,0.375,1,2,0.5,2,1,3,0,0,1,0,4,14,8,2020,,,,,,,,regular season
7974,7974,Brooklyn Nets,Jarrett Allen,Indiana Pacers,W,02/10/2020,19:53,6,9,0.667,0,0,,1,2,0.5,3,5,8,0,0,2,0,1,13,2,2020,33.0,C,https://www.basketball-reference.com/players/a/allenja01.html,31,6-11,243.0,Brooklyn Nets,regular season
8125,8125,Brooklyn Nets,Caris LeVert,Toronto Raptors,W,02/12/2020,36:28,10,20,0.5,0,4,0.0,0,0,,2,5,7,4,4,1,5,2,20,3,2020,41.0,SG,https://www.basketball-reference.com/players/l/leverca01.html,22,6-6,205.0,Brooklyn Nets,regular season
8126,8126,Brooklyn Nets,Joe Harris,Toronto Raptors,W,02/12/2020,34:50,7,12,0.583,2,5,0.4,3,3,1.0,0,6,6,2,1,1,1,1,19,14,2020,34.0,SF,https://www.basketball-reference.com/players/h/harrijo01.html,12,6-6,220.0,Brooklyn Nets,regular season
8127,8127,Brooklyn Nets,Spencer Dinwiddie,Toronto Raptors,W,02/12/2020,33:31,5,13,0.385,2,7,0.28600000000000003,5,7,0.7140000000000001,0,6,6,9,0,0,0,3,17,10,2020,35.0,SG,https://www.basketball-reference.com/players/d/dinwisp01.html,8-26,6-5,215.0,Brooklyn Nets,regular season
8128,8128,Brooklyn Nets,Taurean Waller-Prince,Toronto Raptors,W,02/12/2020,28:31,2,10,0.2,1,7,0.14300000000000002,3,4,0.75,0,5,5,2,1,0,3,2,8,8,2020,,,,,,,,regular season
8129,8129,Brooklyn Nets,Jarrett Allen,Toronto Raptors,W,02/12/2020,20:18,3,6,0.5,0,0,,4,5,0.8,5,8,13,3,0,1,0,2,10,12,2020,33.0,C,https://www.basketball-reference.com/players/a/allenja01.html,31,6-11,243.0,Brooklyn Nets,regular season
8260,8260,Brooklyn Nets,Caris LeVert,Philadelphia 76ers,L,02/20/2020,39:03,9,29,0.31,3,8,0.375,4,5,0.8,3,3,6,5,1,0,3,2,25,-18,2020,41.0,SG,https://www.basketball-reference.com/players/l/leverca01.html,22,6-6,205.0,Brooklyn Nets,regular season
8261,8261,Brooklyn Nets,Spencer Dinwiddie,Philadelphia 76ers,L,02/20/2020,37:08,7,19,0.368,1,6,0.16699999999999998,7,10,0.7,0,5,5,8,0,1,2,4,22,-22,2020,35.0,SG,https://www.basketball-reference.com/players/d/dinwisp01.html,8-26,6-5,215.0,Brooklyn Nets,regular season
8262,8262,Brooklyn Nets,Joe Harris,Philadelphia 76ers,L,02/20/2020,34:20,4,8,0.5,1,5,0.2,3,3,1.0,1,2,3,0,0,0,2,4,12,-25,2020,34.0,SF,https://www.basketball-reference.com/players/h/harrijo01.html,12,6-6,220.0,Brooklyn Nets,regular season
8263,8263,Brooklyn Nets,Taurean Waller-Prince,Philadelphia 76ers,L,02/20/2020,22:59,3,8,0.375,1,4,0.25,0,0,,0,1,1,2,1,0,2,3,7,-24,2020,,,,,,,,regular season
8264,8264,Brooklyn Nets,Jarrett Allen,Philadelphia 76ers,L,02/20/2020,12:40,0,4,0.0,0,0,,0,0,,0,2,2,0,0,0,2,2,0,-15,2020,33.0,C,https://www.basketball-reference.com/players/a/allenja01.html,31,6-11,243.0,Brooklyn Nets,regular season
8390,8390,Brooklyn Nets,Caris LeVert,Charlotte Hornets,W,02/22/2020,29:58,7,19,0.368,3,10,0.3,0,0,,0,3,3,2,6,0,0,2,17,15,2020,41.0,SG,https://www.basketball-reference.com/players/l/leverca01.html,22,6-6,205.0,Brooklyn Nets,regular season
8391,8391,Brooklyn Nets,Taurean Waller-Prince,Charlotte Hornets,W,02/22/2020,29:38,5,10,0.5,4,8,0.5,0,0,,0,4,4,1,1,2,3,3,14,21,2020,,,,,,,,regular season
8392,8392,Brooklyn Nets,Spencer Dinwiddie,Charlotte Hornets,W,02/22/2020,28:13,3,10,0.3,1,6,0.16699999999999998,3,4,0.75,1,5,6,9,0,0,2,2,10,10,2020,35.0,SG,https://www.basketball-reference.com/players/d/dinwisp01.html,8-26,6-5,215.0,Brooklyn Nets,regular season
8393,8393,Brooklyn Nets,Jarrett Allen,Charlotte Hornets,W,02/22/2020,24:53,4,5,0.8,0,0,,4,6,0.667,3,8,11,3,0,2,1,1,12,13,2020,33.0,C,https://www.basketball-reference.com/players/a/allenja01.html,31,6-11,243.0,Brooklyn Nets,regular season
8394,8394,Brooklyn Nets,Joe Harris,Charlotte Hornets,W,02/22/2020,24:33,5,10,0.5,2,6,0.33299999999999996,0,0,,0,2,2,5,1,0,1,2,12,10,2020,34.0,SF,https://www.basketball-reference.com/players/h/harrijo01.html,12,6-6,220.0,Brooklyn Nets,regular season
8555,8555,Brooklyn Nets,Caris LeVert,Orlando Magic,L,02/24/2020,34:06,8,21,0.381,3,6,0.5,0,1,0.0,1,4,5,8,1,0,4,4,19,1,2020,41.0,SG,https://www.basketball-reference.com/players/l/leverca01.html,22,6-6,205.0,Brooklyn Nets,regular season
8556,8556,Brooklyn Nets,Spencer Dinwiddie,Orlando Magic,L,02/24/2020,34:00,9,20,0.45,4,10,0.4,2,2,1.0,0,1,1,8,0,0,3,3,24,0,2020,35.0,SG,https://www.basketball-reference.com/players/d/dinwisp01.html,8-26,6-5,215.0,Brooklyn Nets,regular season
8557,8557,Brooklyn Nets,Joe Harris,Orlando Magic,L,02/24/2020,30:17,5,10,0.5,2,3,0.667,0,0,,3,3,6,2,0,0,2,4,12,5,2020,34.0,SF,https://www.basketball-reference.com/players/h/harrijo01.html,12,6-6,220.0,Brooklyn Nets,regular season
8558,8558,Brooklyn Nets,Taurean Waller-Prince,Orlando Magic,L,02/24/2020,27:36,3,10,0.3,1,3,0.33299999999999996,3,4,0.75,0,6,6,0,1,0,2,3,10,10,2020,,,,,,,,regular season
8559,8559,Brooklyn Nets,Jarrett Allen,Orlando Magic,L,02/24/2020,26:01,8,8,1.0,0,0,,0,1,0.0,3,8,11,3,1,2,0,1,16,10,2020,33.0,C,https://www.basketball-reference.com/players/a/allenja01.html,31,6-11,243.0,Brooklyn Nets,regular season
8690,8690,Brooklyn Nets,Caris LeVert,Washington Wizards,L,02/26/2020,34:09,10,20,0.5,5,8,0.625,9,11,0.818,2,4,6,7,4,0,1,3,34,2,2020,41.0,SG,https://www.basketball-reference.com/players/l/leverca01.html,22,6-6,205.0,Brooklyn Nets,regular season
8691,8691,Brooklyn Nets,Spencer Dinwiddie,Washington Wizards,L,02/26/2020,33:25,6,12,0.5,1,4,0.25,5,8,0.625,1,5,6,3,0,0,6,5,18,-5,2020,35.0,SG,https://www.basketball-reference.com/players/d/dinwisp01.html,8-26,6-5,215.0,Brooklyn Nets,regular season
8692,8692,Brooklyn Nets,Joe Harris,Washington Wizards,L,02/26/2020,29:06,2,9,0.222,1,2,0.5,1,2,0.5,1,6,7,2,0,0,2,0,6,-11,2020,34.0,SF,https://www.basketball-reference.com/players/h/harrijo01.html,12,6-6,220.0,Brooklyn Nets,regular season
8693,8693,Brooklyn Nets,Taurean Waller-Prince,Washington Wizards,L,02/26/2020,25:22,5,12,0.41700000000000004,2,8,0.25,1,1,1.0,1,3,4,0,1,0,4,1,13,2,2020,,,,,,,,regular season
8694,8694,Brooklyn Nets,Jarrett Allen,Washington Wizards,L,02/26/2020,18:23,1,2,0.5,0,0,,3,6,0.5,3,5,8,1,0,0,2,6,5,-3,2020,33.0,C,https://www.basketball-reference.com/players/a/allenja01.html,31,6-11,243.0,Brooklyn Nets,regular season
8810,8810,Brooklyn Nets,Spencer Dinwiddie,Atlanta Hawks,L,02/28/2020,31:31,6,16,0.375,4,9,0.444,8,8,1.0,0,1,1,13,1,0,1,2,24,-7,2020,35.0,SG,https://www.basketball-reference.com/players/d/dinwisp01.html,8-26,6-5,215.0,Brooklyn Nets,regular season
8811,8811,Brooklyn Nets,Joe Harris,Atlanta Hawks,L,02/28/2020,28:36,7,16,0.43799999999999994,3,8,0.375,1,2,0.5,0,3,3,3,0,1,2,0,18,-7,2020,34.0,SF,https://www.basketball-reference.com/players/h/harrijo01.html,12,6-6,220.0,Brooklyn Nets,regular season
8812,8812,Brooklyn Nets,Taurean Waller-Prince,Atlanta Hawks,L,02/28/2020,28:35,6,10,0.6,4,6,0.667,0,0,,1,4,5,3,0,0,1,3,16,-9,2020,,,,,,,,regular season
8813,8813,Brooklyn Nets,Caris LeVert,Atlanta Hawks,L,02/28/2020,27:04,7,17,0.41200000000000003,1,8,0.125,3,3,1.0,1,2,3,3,0,0,1,3,18,-11,2020,41.0,SG,https://www.basketball-reference.com/players/l/leverca01.html,22,6-6,205.0,Brooklyn Nets,regular season
8814,8814,Brooklyn Nets,Jarrett Allen,Atlanta Hawks,L,02/28/2020,21:39,2,2,1.0,0,0,,1,3,0.33299999999999996,2,7,9,2,1,2,0,2,5,-5,2020,33.0,C,https://www.basketball-reference.com/players/a/allenja01.html,31,6-11,243.0,Brooklyn Nets,regular season
8920,8920,Brooklyn Nets,Caris LeVert,Miami Heat,L,02/29/2020,35:14,6,17,0.353,1,6,0.16699999999999998,2,2,1.0,0,3,3,4,1,0,4,2,15,-7,2020,41.0,SG,https://www.basketball-reference.com/players/l/leverca01.html,22,6-6,205.0,Brooklyn Nets,regular season
8921,8921,Brooklyn Nets,Spencer Dinwiddie,Miami Heat,L,02/29/2020,32:22,7,15,0.467,2,7,0.28600000000000003,9,10,0.9,0,4,4,12,0,0,3,4,25,6,2020,35.0,SG,https://www.basketball-reference.com/players/d/dinwisp01.html,8-26,6-5,215.0,Brooklyn Nets,regular season
8922,8922,Brooklyn Nets,Joe Harris,Miami Heat,L,02/29/2020,30:53,7,15,0.467,5,9,0.556,1,2,0.5,1,3,4,3,0,0,0,1,20,11,2020,34.0,SF,https://www.basketball-reference.com/players/h/harrijo01.html,12,6-6,220.0,Brooklyn Nets,regular season
8923,8923,Brooklyn Nets,Jarrett Allen,Miami Heat,L,02/29/2020,27:47,7,8,0.875,0,0,,3,4,0.75,4,7,11,0,0,0,0,1,17,-5,2020,33.0,C,https://www.basketball-reference.com/players/a/allenja01.html,31,6-11,243.0,Brooklyn Nets,regular season
8924,8924,Brooklyn Nets,Taurean Waller-Prince,Miami Heat,L,02/29/2020,21:07,3,8,0.375,3,8,0.375,1,2,0.5,0,2,2,0,0,0,0,5,10,14,2020,,,,,,,,regular season
9130,9130,Brooklyn Nets,Caris LeVert,Boston Celtics,W,03/03/2020,35:49,17,26,0.654,5,10,0.5,12,18,0.667,3,1,4,5,1,0,3,1,51,15,2020,41.0,SG,https://www.basketball-reference.com/players/l/leverca01.html,22,6-6,205.0,Brooklyn Nets,regular season
9131,9131,Brooklyn Nets,Spencer Dinwiddie,Boston Celtics,W,03/03/2020,23:21,4,10,0.4,2,5,0.4,4,7,0.5710000000000001,0,3,3,4,1,2,2,0,14,-20,2020,35.0,SG,https://www.basketball-reference.com/players/d/dinwisp01.html,8-26,6-5,215.0,Brooklyn Nets,regular season
9132,9132,Brooklyn Nets,Joe Harris,Boston Celtics,W,03/03/2020,21:07,4,11,0.364,2,5,0.4,0,0,,2,3,5,0,0,0,4,1,10,-16,2020,34.0,SF,https://www.basketball-reference.com/players/h/harrijo01.html,12,6-6,220.0,Brooklyn Nets,regular season
9133,9133,Brooklyn Nets,Taurean Waller-Prince,Boston Celtics,W,03/03/2020,18:47,1,8,0.125,0,5,0.0,0,0,,1,3,4,1,1,1,3,4,2,-18,2020,,,,,,,,regular season
9134,9134,Brooklyn Nets,Jarrett Allen,Boston Celtics,W,03/03/2020,17:33,3,8,0.375,0,0,,2,2,1.0,6,4,10,0,0,0,2,1,8,-18,2020,33.0,C,https://www.basketball-reference.com/players/a/allenja01.html,31,6-11,243.0,Brooklyn Nets,regular season
9235,9235,Brooklyn Nets,Joe Harris,Memphis Grizzlies,L,03/04/2020,29:06,5,13,0.385,3,7,0.429,0,0,,3,5,8,1,2,1,1,1,13,-17,2020,34.0,SF,https://www.basketball-reference.com/players/h/harrijo01.html,12,6-6,220.0,Brooklyn Nets,regular season
9236,9236,Brooklyn Nets,Jarrett Allen,Memphis Grizzlies,L,03/04/2020,28:47,3,5,0.6,0,0,,0,2,0.0,4,5,9,0,0,0,3,1,6,-22,2020,33.0,C,https://www.basketball-reference.com/players/a/allenja01.html,31,6-11,243.0,Brooklyn Nets,regular season
9237,9237,Brooklyn Nets,Caris LeVert,Memphis Grizzlies,L,03/04/2020,27:08,6,19,0.316,0,5,0.0,2,4,0.5,0,4,4,6,1,0,0,2,14,-4,2020,41.0,SG,https://www.basketball-reference.com/players/l/leverca01.html,22,6-6,205.0,Brooklyn Nets,regular season
9238,9238,Brooklyn Nets,Spencer Dinwiddie,Memphis Grizzlies,L,03/04/2020,26:38,1,9,0.111,0,7,0.0,2,2,1.0,2,2,4,4,1,1,1,2,4,-22,2020,35.0,SG,https://www.basketball-reference.com/players/d/dinwisp01.html,8-26,6-5,215.0,Brooklyn Nets,regular season
9239,9239,Brooklyn Nets,Taurean Waller-Prince,Memphis Grizzlies,L,03/04/2020,24:45,6,19,0.316,2,8,0.25,1,1,1.0,1,4,5,0,0,0,2,1,15,-13,2020,,,,,,,,regular season
9345,9345,Brooklyn Nets,Caris LeVert,San Antonio Spurs,W,03/06/2020,31:26,9,16,0.563,3,5,0.6,6,7,0.857,3,8,11,10,0,0,2,2,27,18,2020,41.0,SG,https://www.basketball-reference.com/players/l/leverca01.html,22,6-6,205.0,Brooklyn Nets,regular season
9346,9346,Brooklyn Nets,Joe Harris,San Antonio Spurs,W,03/06/2020,26:10,9,14,0.643,2,4,0.5,0,0,,1,3,4,2,1,0,0,2,20,12,2020,34.0,SF,https://www.basketball-reference.com/players/h/harrijo01.html,12,6-6,220.0,Brooklyn Nets,regular season
9347,9347,Brooklyn Nets,Spencer Dinwiddie,San Antonio Spurs,W,03/06/2020,26:10,7,13,0.5379999999999999,3,7,0.429,2,7,0.28600000000000003,0,0,0,9,0,0,1,3,19,12,2020,35.0,SG,https://www.basketball-reference.com/players/d/dinwisp01.html,8-26,6-5,215.0,Brooklyn Nets,regular season
9348,9348,Brooklyn Nets,Jarrett Allen,San Antonio Spurs,W,03/06/2020,20:15,5,7,0.7140000000000001,0,0,,2,2,1.0,0,8,8,1,0,0,1,0,12,9,2020,33.0,C,https://www.basketball-reference.com/players/a/allenja01.html,31,6-11,243.0,Brooklyn Nets,regular season
9349,9349,Brooklyn Nets,Wilson Chandler,San Antonio Spurs,W,03/06/2020,17:49,1,3,0.33299999999999996,1,3,0.33299999999999996,0,0,,0,3,3,0,0,0,0,3,3,6,2020,43.0,SF,https://www.basketball-reference.com/players/c/chandwi01.html,21,6-8,235.0,Brooklyn Nets,regular season
9495,9495,Brooklyn Nets,Spencer Dinwiddie,Chicago Bulls,W,03/08/2020,36:53,4,9,0.444,2,5,0.4,14,15,0.9329999999999999,1,2,3,6,1,0,6,3,24,12,2020,35.0,SG,https://www.basketball-reference.com/players/d/dinwisp01.html,8-26,6-5,215.0,Brooklyn Nets,regular season
9496,9496,Brooklyn Nets,Caris LeVert,Chicago Bulls,W,03/08/2020,36:43,7,14,0.5,4,6,0.667,5,7,0.7140000000000001,0,6,6,5,1,1,5,1,23,2,2020,41.0,SG,https://www.basketball-reference.com/players/l/leverca01.html,22,6-6,205.0,Brooklyn Nets,regular season
9497,9497,Brooklyn Nets,Joe Harris,Chicago Bulls,W,03/08/2020,31:04,8,12,0.667,3,7,0.429,4,4,1.0,0,2,2,1,0,0,4,4,23,12,2020,34.0,SF,https://www.basketball-reference.com/players/h/harrijo01.html,12,6-6,220.0,Brooklyn Nets,regular season
9498,9498,Brooklyn Nets,DeAndre Jordan,Chicago Bulls,W,03/08/2020,28:44,4,5,0.8,0,0,,3,4,0.75,2,13,15,4,0,3,1,2,11,12,2020,38.0,C,https://www.basketball-reference.com/players/j/jordade01.html,6,6-11,265.0,Brooklyn Nets,regular season
9499,9499,Brooklyn Nets,Wilson Chandler,Chicago Bulls,W,03/08/2020,21:58,2,7,0.28600000000000003,2,6,0.33299999999999996,0,0,,0,4,4,1,0,0,0,3,6,21,2020,43.0,SF,https://www.basketball-reference.com/players/c/chandwi01.html,21,6-8,235.0,Brooklyn Nets,regular season
9700,9700,Brooklyn Nets,Caris LeVert,Los Angeles Lakers,W,03/10/2020,37:34,8,20,0.4,3,8,0.375,3,4,0.75,2,5,7,4,2,1,1,0,22,-5,2020,41.0,SG,https://www.basketball-reference.com/players/l/leverca01.html,22,6-6,205.0,Brooklyn Nets,regular season
9701,9701,Brooklyn Nets,Spencer Dinwiddie,Los Angeles Lakers,W,03/10/2020,30:34,7,17,0.41200000000000003,1,4,0.25,8,8,1.0,0,4,4,7,1,0,4,3,23,-3,2020,35.0,SG,https://www.basketball-reference.com/players/d/dinwisp01.html,8-26,6-5,215.0,Brooklyn Nets,regular season
9702,9702,Brooklyn Nets,DeAndre Jordan,Los Angeles Lakers,W,03/10/2020,27:13,4,7,0.5710000000000001,0,0,,0,2,0.0,4,8,12,1,0,0,0,2,8,-1,2020,38.0,C,https://www.basketball-reference.com/players/j/jordade01.html,6,6-11,265.0,Brooklyn Nets,regular season
9703,9703,Brooklyn Nets,Joe Harris,Los Angeles Lakers,W,03/10/2020,26:58,5,8,0.625,2,4,0.5,0,0,,1,2,3,2,0,0,2,1,12,1,2020,34.0,SF,https://www.basketball-reference.com/players/h/harrijo01.html,12,6-6,220.0,Brooklyn Nets,regular season
9704,9704,Brooklyn Nets,Wilson Chandler,Los Angeles Lakers,W,03/10/2020,26:36,1,2,0.5,1,2,0.5,2,2,1.0,0,5,5,3,0,0,2,3,5,-2,2020,43.0,SF,https://www.basketball-reference.com/players/c/chandwi01.html,21,6-8,235.0,Brooklyn Nets,regular season
9785,9785,Brooklyn Nets,Joe Harris,Orlando Magic,L,07/31/2020,29:02,6,11,0.545,2,6,0.33299999999999996,0,1,0.0,0,4,4,2,1,0,2,2,14,-14,2020,34.0,SF,https://www.basketball-reference.com/players/h/harrijo01.html,12,6-6,220.0,Brooklyn Nets,regular season
9786,9786,Brooklyn Nets,Caris LeVert,Orlando Magic,L,07/31/2020,27:49,7,17,0.41200000000000003,0,4,0.0,3,4,0.75,2,0,2,7,1,0,4,0,17,-26,2020,41.0,SG,https://www.basketball-reference.com/players/l/leverca01.html,22,6-6,205.0,Brooklyn Nets,regular season
9787,9787,Brooklyn Nets,Jarrett Allen,Orlando Magic,L,07/31/2020,26:53,7,9,0.778,0,0,,0,0,,2,3,5,3,0,0,0,4,14,-24,2020,33.0,C,https://www.basketball-reference.com/players/a/allenja01.html,31,6-11,243.0,Brooklyn Nets,regular season
9788,9788,Brooklyn Nets,Lance Thomas,Orlando Magic,L,07/31/2020,17:55,2,4,0.5,1,2,0.5,1,1,1.0,0,2,2,1,0,0,1,3,6,-21,2020,50.0,SF,https://www.basketball-reference.com/players/t/thomala01.html,42,6-8,240.0,Brooklyn Nets,regular season
9789,9789,Brooklyn Nets,Chris Chiozza,Orlando Magic,L,07/31/2020,17:23,1,6,0.16699999999999998,0,5,0.0,0,0,,1,0,1,3,0,0,0,2,2,-22,2020,45.0,PG,https://www.basketball-reference.com/players/c/chiozch01.html,4,5-11,175.0,Brooklyn Nets,regular season
9895,9895,Brooklyn Nets,Caris LeVert,Washington Wizards,W,08/02/2020,39:12,11,25,0.44,2,6,0.33299999999999996,10,13,0.769,3,4,7,3,0,0,1,2,34,1,2020,41.0,SG,https://www.basketball-reference.com/players/l/leverca01.html,22,6-6,205.0,Brooklyn Nets,regular season
9896,9896,Brooklyn Nets,Jarrett Allen,Washington Wizards,W,08/02/2020,38:08,6,10,0.6,0,0,,10,10,1.0,5,10,15,2,1,1,1,3,22,-1,2020,33.0,C,https://www.basketball-reference.com/players/a/allenja01.html,31,6-11,243.0,Brooklyn Nets,regular season
9897,9897,Brooklyn Nets,Joe Harris,Washington Wizards,W,08/02/2020,36:50,10,13,0.769,6,7,0.857,1,3,0.33299999999999996,2,5,7,1,0,1,1,2,27,14,2020,34.0,SF,https://www.basketball-reference.com/players/h/harrijo01.html,12,6-6,220.0,Brooklyn Nets,regular season
9898,9898,Brooklyn Nets,Tyler Johnson,Washington Wizards,W,08/02/2020,29:01,0,7,0.0,0,4,0.0,2,2,1.0,2,4,6,5,1,1,1,5,2,0,2020,49.0,SG,https://www.basketball-reference.com/players/j/johnsty01.html,8,6-3,186.0,Brooklyn Nets,regular season
9899,9899,Brooklyn Nets,Lance Thomas,Washington Wizards,W,08/02/2020,10:21,0,3,0.0,0,2,0.0,0,0,,0,2,2,1,0,0,1,1,0,-7,2020,50.0,SF,https://www.basketball-reference.com/players/t/thomala01.html,42,6-8,240.0,Brooklyn Nets,regular season
10010,10010,Brooklyn Nets,Timothe Luwawu-Cabarrot,Milwaukee Bucks,W,08/04/2020,30:41,8,12,0.667,5,7,0.7140000000000001,5,5,1.0,0,3,3,1,0,0,0,6,26,8,2020,39.0,SG,https://www.basketball-reference.com/players/l/luwawti01.html,9,6-7,220.0,Brooklyn Nets,regular season
10011,10011,Brooklyn Nets,Rodions Kurucs,Milwaukee Bucks,W,08/04/2020,28:34,4,11,0.364,2,8,0.25,0,0,,1,3,4,2,2,0,2,3,10,-1,2020,40.0,PF,https://www.basketball-reference.com/players/k/kurucro01.html,00,6-9,228.0,Brooklyn Nets,regular season
10012,10012,Brooklyn Nets,Tyler Johnson,Milwaukee Bucks,W,08/04/2020,26:57,4,13,0.308,1,4,0.25,2,2,1.0,1,3,4,2,1,0,1,1,11,-6,2020,49.0,SG,https://www.basketball-reference.com/players/j/johnsty01.html,8,6-3,186.0,Brooklyn Nets,regular season
10013,10013,Brooklyn Nets,Garrett Temple,Milwaukee Bucks,W,08/04/2020,26:24,7,15,0.467,5,11,0.455,0,0,,0,5,5,4,0,2,0,0,19,5,2020,37.0,SG,https://www.basketball-reference.com/players/t/templga01.html,17,6-5,195.0,Brooklyn Nets,regular season
10014,10014,Brooklyn Nets,Lance Thomas,Milwaukee Bucks,W,08/04/2020,14:38,2,7,0.28600000000000003,0,3,0.0,2,2,1.0,0,2,2,2,0,0,1,2,6,-5,2020,50.0,SF,https://www.basketball-reference.com/players/t/thomala01.html,42,6-8,240.0,Brooklyn Nets,regular season
10120,10120,Brooklyn Nets,Jarrett Allen,Boston Celtics,L,08/05/2020,28:03,5,8,0.625,0,1,0.0,1,1,1.0,2,6,8,4,1,0,0,3,11,-14,2020,33.0,C,https://www.basketball-reference.com/players/a/allenja01.html,31,6-11,243.0,Brooklyn Nets,regular season
10121,10121,Brooklyn Nets,Caris LeVert,Boston Celtics,L,08/05/2020,27:21,6,14,0.429,0,3,0.0,1,3,0.33299999999999996,0,5,5,1,2,2,4,1,13,-6,2020,41.0,SG,https://www.basketball-reference.com/players/l/leverca01.html,22,6-6,205.0,Brooklyn Nets,regular season
10122,10122,Brooklyn Nets,Tyler Johnson,Boston Celtics,L,08/05/2020,25:23,3,8,0.375,1,3,0.33299999999999996,0,0,,1,1,2,3,0,0,2,1,7,-12,2020,49.0,SG,https://www.basketball-reference.com/players/j/johnsty01.html,8,6-3,186.0,Brooklyn Nets,regular season
10123,10123,Brooklyn Nets,Joe Harris,Boston Celtics,L,08/05/2020,24:58,6,14,0.429,1,5,0.2,1,2,0.5,1,5,6,2,2,0,1,2,14,-29,2020,34.0,SF,https://www.basketball-reference.com/players/h/harrijo01.html,12,6-6,220.0,Brooklyn Nets,regular season
10124,10124,Brooklyn Nets,Lance Thomas,Boston Celtics,L,08/05/2020,24:51,0,4,0.0,0,2,0.0,0,0,,1,2,3,1,0,0,1,2,0,-8,2020,50.0,SF,https://www.basketball-reference.com/players/t/thomala01.html,42,6-8,240.0,Brooklyn Nets,regular season
10215,10215,Brooklyn Nets,Jarrett Allen,Sacramento Kings,W,08/07/2020,36:28,5,8,0.625,0,0,,7,10,0.7,2,9,11,8,0,1,1,4,17,24,2020,33.0,C,https://www.basketball-reference.com/players/a/allenja01.html,31,6-11,243.0,Brooklyn Nets,regular season
10216,10216,Brooklyn Nets,Caris LeVert,Sacramento Kings,W,08/07/2020,36:06,9,21,0.429,3,8,0.375,1,4,0.25,2,3,5,7,3,0,2,4,22,24,2020,41.0,SG,https://www.basketball-reference.com/players/l/leverca01.html,22,6-6,205.0,Brooklyn Nets,regular season
10217,10217,Brooklyn Nets,Rodions Kurucs,Sacramento Kings,W,08/07/2020,30:37,3,6,0.5,1,3,0.33299999999999996,1,2,0.5,1,6,7,2,3,0,0,1,8,4,2020,40.0,PF,https://www.basketball-reference.com/players/k/kurucro01.html,00,6-9,228.0,Brooklyn Nets,regular season
10218,10218,Brooklyn Nets,Garrett Temple,Sacramento Kings,W,08/07/2020,25:07,4,7,0.5710000000000001,2,4,0.5,2,2,1.0,0,1,1,3,2,1,1,2,12,-5,2020,37.0,SG,https://www.basketball-reference.com/players/t/templga01.html,17,6-5,195.0,Brooklyn Nets,regular season
10219,10219,Brooklyn Nets,Joe Harris,Sacramento Kings,W,08/07/2020,24:56,8,11,0.727,5,7,0.7140000000000001,0,0,,0,4,4,4,0,0,1,4,21,12,2020,34.0,SF,https://www.basketball-reference.com/players/h/harrijo01.html,12,6-6,220.0,Brooklyn Nets,regular season
10360,10360,Brooklyn Nets,Jarrett Allen,Los Angeles Clippers,W,08/09/2020,37:42,7,9,0.778,0,0,,2,3,0.667,4,12,16,4,1,2,2,3,16,13,2020,33.0,C,https://www.basketball-reference.com/players/a/allenja01.html,31,6-11,243.0,Brooklyn Nets,regular season
10361,10361,Brooklyn Nets,Garrett Temple,Los Angeles Clippers,W,08/09/2020,36:46,6,14,0.429,4,11,0.364,3,3,1.0,0,6,6,2,1,0,0,3,19,3,2020,37.0,SG,https://www.basketball-reference.com/players/t/templga01.html,17,6-5,195.0,Brooklyn Nets,regular season
10362,10362,Brooklyn Nets,Caris LeVert,Los Angeles Clippers,W,08/09/2020,35:18,10,17,0.588,2,5,0.4,5,8,0.625,1,4,5,13,1,0,3,1,27,14,2020,41.0,SG,https://www.basketball-reference.com/players/l/leverca01.html,22,6-6,205.0,Brooklyn Nets,regular season
10363,10363,Brooklyn Nets,Rodions Kurucs,Los Angeles Clippers,W,08/09/2020,31:01,3,6,0.5,1,4,0.25,0,0,,2,3,5,4,1,0,4,2,7,-1,2020,40.0,PF,https://www.basketball-reference.com/players/k/kurucro01.html,00,6-9,228.0,Brooklyn Nets,regular season
10364,10364,Brooklyn Nets,Joe Harris,Los Angeles Clippers,W,08/09/2020,26:53,10,16,0.625,5,8,0.625,0,0,,0,2,2,1,0,0,3,6,25,12,2020,34.0,SF,https://www.basketball-reference.com/players/h/harrijo01.html,12,6-6,220.0,Brooklyn Nets,regular season
10420,10420,Brooklyn Nets,Justin Anderson,Orlando Magic,W,08/11/2020,31:18,1,15,0.067,0,12,0.0,0,1,0.0,0,5,5,2,0,1,2,3,2,9,2020,47.0,SF,https://www.basketball-reference.com/players/a/anderju01.html,10,6-6,230.0,Brooklyn Nets,regular season
10421,10421,Brooklyn Nets,Rodions Kurucs,Orlando Magic,W,08/11/2020,24:44,1,4,0.25,0,2,0.0,0,0,,1,8,9,0,1,1,0,2,2,2,2020,40.0,PF,https://www.basketball-reference.com/players/k/kurucro01.html,00,6-9,228.0,Brooklyn Nets,regular season
10422,10422,Brooklyn Nets,Timothe Luwawu-Cabarrot,Orlando Magic,W,08/11/2020,24:00,8,12,0.667,4,8,0.5,4,4,1.0,0,7,7,0,1,0,3,0,24,8,2020,39.0,SG,https://www.basketball-reference.com/players/l/luwawti01.html,9,6-7,220.0,Brooklyn Nets,regular season
10423,10423,Brooklyn Nets,Tyler Johnson,Orlando Magic,W,08/11/2020,21:47,5,10,0.5,2,3,0.667,2,2,1.0,1,2,3,5,0,0,0,1,14,7,2020,49.0,SG,https://www.basketball-reference.com/players/j/johnsty01.html,8,6-3,186.0,Brooklyn Nets,regular season
10424,10424,Brooklyn Nets,Chris Chiozza,Orlando Magic,W,08/11/2020,21:29,1,6,0.16699999999999998,1,3,0.33299999999999996,0,0,,1,2,3,5,4,0,0,2,3,13,2020,45.0,PG,https://www.basketball-reference.com/players/c/chiozch01.html,4,5-11,175.0,Brooklyn Nets,regular season
10595,10595,Brooklyn Nets,Jarrett Allen,Portland Trail Blazers,L,08/13/2020,37:22,5,8,0.625,0,0,,4,9,0.444,6,5,11,4,0,3,1,1,14,16,2020,33.0,C,https://www.basketball-reference.com/players/a/allenja01.html,31,6-11,243.0,Brooklyn Nets,regular season
10596,10596,Brooklyn Nets,Garrett Temple,Portland Trail Blazers,L,08/13/2020,36:54,4,10,0.4,3,7,0.429,4,4,1.0,1,9,10,4,0,0,0,2,15,12,2020,37.0,SG,https://www.basketball-reference.com/players/t/templga01.html,17,6-5,195.0,Brooklyn Nets,regular season
10597,10597,Brooklyn Nets,Joe Harris,Portland Trail Blazers,L,08/13/2020,34:25,9,14,0.643,1,4,0.25,0,0,,1,2,3,4,0,0,3,5,19,-20,2020,34.0,SF,https://www.basketball-reference.com/players/h/harrijo01.html,12,6-6,220.0,Brooklyn Nets,regular season
10598,10598,Brooklyn Nets,Caris LeVert,Portland Trail Blazers,L,08/13/2020,32:48,16,29,0.552,1,5,0.2,4,4,1.0,1,5,6,9,2,1,6,1,37,4,2020,41.0,SG,https://www.basketball-reference.com/players/l/leverca01.html,22,6-6,205.0,Brooklyn Nets,regular season
10599,10599,Brooklyn Nets,Rodions Kurucs,Portland Trail Blazers,L,08/13/2020,22:53,3,5,0.6,1,2,0.5,1,2,0.5,1,4,5,2,0,1,1,4,8,4,2020,40.0,PF,https://www.basketball-reference.com/players/k/kurucro01.html,00,6-9,228.0,Brooklyn Nets,regular season
10660,10660,Brooklyn Nets,Caris LeVert,Toronto Raptors,L,08/17/2020,35:27,5,14,0.35700000000000004,0,2,0.0,5,6,0.833,2,5,7,15,1,0,5,0,15,-5,2020,41.0,SG,https://www.basketball-reference.com/players/l/leverca01.html,22,6-6,205.0,Brooklyn Nets,playoffs
10661,10661,Brooklyn Nets,Garrett Temple,Toronto Raptors,L,08/17/2020,34:29,5,15,0.33299999999999996,1,10,0.1,1,1,1.0,0,4,4,1,1,0,0,5,12,-2,2020,37.0,SG,https://www.basketball-reference.com/players/t/templga01.html,17,6-5,195.0,Brooklyn Nets,playoffs
10662,10662,Brooklyn Nets,Jarrett Allen,Toronto Raptors,L,08/17/2020,33:56,6,10,0.6,0,0,,3,4,0.75,4,8,12,1,1,1,4,3,15,-16,2020,33.0,C,https://www.basketball-reference.com/players/a/allenja01.html,31,6-11,243.0,Brooklyn Nets,playoffs
10663,10663,Brooklyn Nets,Joe Harris,Toronto Raptors,L,08/17/2020,33:11,8,14,0.5710000000000001,3,5,0.6,0,0,,1,5,6,2,0,0,0,4,19,-2,2020,34.0,SF,https://www.basketball-reference.com/players/h/harrijo01.html,12,6-6,220.0,Brooklyn Nets,playoffs
10664,10664,Brooklyn Nets,Rodions Kurucs,Toronto Raptors,L,08/17/2020,16:16,3,5,0.6,0,2,0.0,0,0,,1,5,6,2,0,0,2,6,6,-16,2020,40.0,PF,https://www.basketball-reference.com/players/k/kurucro01.html,00,6-9,228.0,Brooklyn Nets,playoffs
10730,10730,Brooklyn Nets,Jarrett Allen,Toronto Raptors,L,08/19/2020,40:36,5,9,0.556,0,0,,4,6,0.667,4,11,15,5,0,3,5,3,14,9,2020,33.0,C,https://www.basketball-reference.com/players/a/allenja01.html,31,6-11,243.0,Brooklyn Nets,playoffs
10731,10731,Brooklyn Nets,Caris LeVert,Toronto Raptors,L,08/19/2020,39:15,5,22,0.22699999999999998,0,4,0.0,6,9,0.667,2,5,7,11,0,1,2,4,16,-3,2020,41.0,SG,https://www.basketball-reference.com/players/l/leverca01.html,22,6-6,205.0,Brooklyn Nets,playoffs
10732,10732,Brooklyn Nets,Joe Harris,Toronto Raptors,L,08/19/2020,39:09,4,9,0.444,4,7,0.5710000000000001,2,4,0.5,1,13,14,0,1,0,3,5,14,-1,2020,34.0,SF,https://www.basketball-reference.com/players/h/harrijo01.html,12,6-6,220.0,Brooklyn Nets,playoffs
10733,10733,Brooklyn Nets,Timothe Luwawu-Cabarrot,Toronto Raptors,L,08/19/2020,35:38,6,16,0.375,3,10,0.3,2,2,1.0,0,2,2,0,1,0,3,5,17,3,2020,39.0,SG,https://www.basketball-reference.com/players/l/luwawti01.html,9,6-7,220.0,Brooklyn Nets,playoffs
10734,10734,Brooklyn Nets,Garrett Temple,Toronto Raptors,L,08/19/2020,35:21,6,13,0.462,5,11,0.455,4,4,1.0,0,3,3,3,1,0,1,2,21,10,2020,37.0,SG,https://www.basketball-reference.com/players/t/templga01.html,17,6-5,195.0,Brooklyn Nets,playoffs
10815,10815,Brooklyn Nets,Garrett Temple,Toronto Raptors,L,08/21/2020,35:51,2,12,0.16699999999999998,1,9,0.111,0,0,,0,4,4,2,1,0,4,3,5,-21,2020,37.0,SG,https://www.basketball-reference.com/players/t/templga01.html,17,6-5,195.0,Brooklyn Nets,playoffs
10816,10816,Brooklyn Nets,Timothe Luwawu-Cabarrot,Toronto Raptors,L,08/21/2020,35:16,3,18,0.16699999999999998,2,11,0.182,2,2,1.0,0,3,3,3,0,0,0,1,10,-12,2020,39.0,SG,https://www.basketball-reference.com/players/l/luwawti01.html,9,6-7,220.0,Brooklyn Nets,playoffs
10817,10817,Brooklyn Nets,Caris LeVert,Toronto Raptors,L,08/21/2020,34:18,6,14,0.429,3,6,0.5,0,0,,1,3,4,6,2,0,3,1,15,-24,2020,41.0,SG,https://www.basketball-reference.com/players/l/leverca01.html,22,6-6,205.0,Brooklyn Nets,playoffs
10818,10818,Brooklyn Nets,Jarrett Allen,Toronto Raptors,L,08/21/2020,32:30,0,0,,0,0,,4,4,1.0,5,12,17,3,1,1,1,0,4,-12,2020,33.0,C,https://www.basketball-reference.com/players/a/allenja01.html,31,6-11,243.0,Brooklyn Nets,playoffs
10819,10819,Brooklyn Nets,Tyler Johnson,Toronto Raptors,L,08/21/2020,24:00,8,15,0.5329999999999999,5,9,0.556,2,2,1.0,0,1,1,3,0,0,1,5,23,-13,2020,49.0,SG,https://www.basketball-reference.com/players/j/johnsty01.html,8,6-3,186.0,Brooklyn Nets,playoffs
10915,10915,Brooklyn Nets,Garrett Temple,Toronto Raptors,L,08/23/2020,31:31,4,9,0.444,2,6,0.33299999999999996,0,1,0.0,0,0,0,2,0,1,1,2,10,-23,2020,37.0,SG,https://www.basketball-reference.com/players/t/templga01.html,17,6-5,195.0,Brooklyn Nets,playoffs
10916,10916,Brooklyn Nets,Caris LeVert,Toronto Raptors,L,08/23/2020,30:35,11,23,0.478,6,9,0.667,7,10,0.7,3,3,6,6,2,0,3,2,35,-20,2020,41.0,SG,https://www.basketball-reference.com/players/l/leverca01.html,22,6-6,205.0,Brooklyn Nets,playoffs
10917,10917,Brooklyn Nets,Tyler Johnson,Toronto Raptors,L,08/23/2020,29:03,5,13,0.385,3,8,0.375,0,0,,0,3,3,1,0,0,1,1,13,-16,2020,49.0,SG,https://www.basketball-reference.com/players/j/johnsty01.html,8,6-3,186.0,Brooklyn Nets,playoffs
10918,10918,Brooklyn Nets,Timothe Luwawu-Cabarrot,Toronto Raptors,L,08/23/2020,27:00,2,12,0.16699999999999998,2,9,0.222,5,5,1.0,1,2,3,1,2,0,4,3,11,-18,2020,39.0,SG,https://www.basketball-reference.com/players/l/luwawti01.html,9,6-7,220.0,Brooklyn Nets,playoffs
10919,10919,Brooklyn Nets,Jarrett Allen,Toronto Raptors,L,08/23/2020,25:08,3,5,0.6,0,0,,2,2,1.0,4,11,15,0,0,2,1,1,8,-14,2020,33.0,C,https://www.basketball-reference.com/players/a/allenja01.html,31,6-11,243.0,Brooklyn Nets,playoffs
